0xa539c8c924f8f3b164dd6420f94b7c7c9f6fd7d699e86023dd43d99c9d8eb5d7,34000
0x7f82c7456854d83a7986e68322cb99868353fff3a2b5adfc575a6c78fd8ba9bb,53000
0xd9e12538ee5c1273a9c71da8f40429e578aeed4e9aa9ff3bda31ad775a7170f8,22000
0x145f68eef37128348db475531aef2de2823b7d77ecc2fa14451110949c9e7487,35000
0x0161a5a9cad3040a2ed925ab59d85357e9a8eb79d9a6db5daab20d5db7227410,84000
0xd397f0ea08664ab5c9e0fc0906f97e73ed4b4084e12952435c020f710660a948,52000
0x3b872f9432eca82550ea37a9f070c71e590abf4a2f9b829d6eb6febea4e46394,18000
0x04e0cee76ae856a3956f9493d151b5226ce56997b5de475b578b9e48c2815d36,83000
0x89117404259fff9b9468432e94e06a332091d77649881724126d6393925c50a1,88000
0x8a6c5fa8b786cf0f66c664bac2195cea7aa78b529b2f2fa8b1e63647f1dae21c,21000
0xf82cad6bab5f37f46b2e3d93c65288aa88fc40750cbefd3731d6c3505fbdd2a7,65000
0xbbdc90e441255c6284f479a93be9436bab33dac15d1b6b596981193e910d0fa6,19000
0x7992b7271be59e7d235dfbe0150a29b85d21e5009b30bbac85acafb9164ca185,31000
0x172a375115f5fa47e304a17e2c2f6ad7c7fd309b9dc29c47b04b2d9aa76b5270,13000
0x6c1019c9ebf0d71ae82f2d2cfa2eae61e3c3383ebe3ad66d829629ec361ec080,29000
0x72023c9e7b7171f1b9b3b4948a5a71796705ceed241f8aabdadb9cb5ef8268a0,68000
0x903739f6db7cebab6c44fb9fb14cd54247b38815d2172c42723573fa05870c31,98000
0x6453c67688a94e36a036d4466e60ce37e5dacc4e686c057babfbf8a51b28685a,27000
0x1afe10f070dfec76e648dd9886580b232f326faf6ffe997e072d4c86bcb27d8c,77000
0x35931e4df9aaad1238e6ccf075aad2b99a992e7aadaf3501910906686db2cfe1,72000
0xcc6dc398ef1045a81482f633c9caaf7fbe081e90fe4fe56299ffd5d6b2ce48f0,60000
0xd9cc29de3ea0c5f87e19b8058df61abd1b57f35effdfe6c3c590d65b9ef879ae,34000
0xa1ff7da7dde0d1f300cd6a7407cd5804e1accdf5f0597800c187e41e4d3f1fdd,13000
0x3ef3e8580b67ce232a7e418bc9e749ba60b5824037e2acef80b292949934fcbd,49000
0xdba716247dfe9eaeb74794745c077c61964c5bd49a6a6664616485a3f2b90cf4,32000
0x8cfdecedb79e4747dc79c6395b88620152067b8a28d24f8d351eb0342fcbf2db,12000
0x8fa9126b28d374b9f7f7c3d39ceac0f92bdea1e76416f05eec5bb1a82cab80df,20000
0xf4b21b14e12d7af9c301bd820a2928dde1ad1f7abb4c8ca60fdf1dfd2eaa955d,16000
0x8879f041b8501f63a2f2514e2bf268cbbabe894bb7d31ccea532449013121589,46000
0xe5183939ce226276bcbf0ee306e25175ef9c0b1599e65ac453e873224e1dcb1a,51000
0x03066d873c2b06e7c5c1d07a961192dc49b6b6698388d24853d31c3e40c1dbf5,5000
0x580272c30f7546ae1a9fa5f52d71467c4f05be039336eb3d0a746f60a095368b,40000
0xb00393e12e9b660707541ce7e2ab8309b93f84a8c1709943182ae297712e02a6,40000
0xabfd29f954319c9c53bd23e4d8e7eca148d05662ecd38fbd0d54e709a85bb2bc,76000
0x918d4be0bbe3dc711fa216021ae6c443c68104d04377465f67a2f14c0b7e491f,72000
0x52c05256616132b4ae6fc4e684c9cffbdc83c77538c824dab198d5360728bda1,95000
0x95f23a7c42ff8566aff6381436b1d103520113d74fece13635c2ecd44b60e60d,11000
0x77705c42f4fcdaa16c6ab6c23e25de36cb00155e4ed4fb6c37e1d871427eb88d,36000
0x1167d9c8e81dbabf9ed01f656cc36b1e7488288ce9d3742c7db9dced12986b0f,76000
0xdc7e1e513eadb2b5495b7fb708206904d892fe03f9dcb608ba972f393597ec9e,3000
0xb74b61eb53338570d00e6b1052f26ff518ef6b68b76227f168a24fe4b9f1ea23,93000
0xb9fc0b865ff3afbaf5a2d4120b16f85bedebc88a6d96c5fe755087ed0025e951,86000
0x946e226e5fb6bf8e9f2acc5b2466b4074dff812ea8929cd90e2e316e8e2e55e4,47000
0xa76ec4b65adeb5f749227f68692d6e882d8718d825872fc12f1da4bbcf6c99f7,79000
0xb8fb6621e8668b714d56076af630ed6c501461e09ea2edf9cf505098b0b01fad,72000
0x4e4d9eaf45b3351be42f92e765f1b66b1ff8df9af41d2deb9220c36099c0b6c8,19000
0x1c948bfc3d6b97f6a84d574a427be184fa3c6d3d0f3d089ba93decde301af11d,71000
0x2d957755f91005f69a5a02c9068c27708d12689c4b34de09605fcd11e8555ac7,0
0xfed8c00bd748821a07a859c132046eb1abe5a12b5a1d4292b8ffa777a309e045,61000
0x91c1888e898e5866fd6c913099138d7bb57f05d670937c83e858fc8182f8b5bb,15000
0x917a7f807c0bc24af964c6a2c2e354c39e8ecd6d37b0762d35a14d0280c4103f,65000
0xa02fabdc1311418fa6b3ae5cc9446f6e206b42927f216cb3bc67798dfcd304ca,92000
0x9553553d48e620b270915e6d8a2955db6b5e163fc25c1f1865e8a7ca4723a6dd,17000
0x3e0cdc27689e00d959b026ff61a742be0a2a54ba03c179e015a41254e05e3373,2000
0x0f5fc4614c0a93db24fe99986609b9e7cd0e40cb658baadcdecf505b3bbc7f99,72000
0x80b7040c28051f9d06fc99a6902ff9360618b7f6976a8a82a8a08cf77e4eb801,35000
0x3341c9e27a3e8d901a23cf6e79049a569fbd09db12439721b693e698a7d5a5b2,16000
0x7739677ec1cb529a717ef271c9f4eb6379722c245414d17f78cc980bd65397a3,98000
0xa12f138a3bb47febc741688cc83f2686579c69c03868a3bfc64463596cab3a63,64000
0x47e7f22bbc3f3c666966cfa97ea3e2fcf7512dfe0cd227d85eba4f2a2f0edc58,69000
0xb30a205f9e05a9ba2f931f710dc7ba4427d531f7b92087757f9c555883e4b067,57000
0x0aeb4c270c42a6204b62f5242de103ee8f20d004a69797bcd0563924f95428a3,25000
0x2561dc35503d7be990ce937fbd6b9f938fa4b4568cf5b7e10b7802a681ad65f9,66000
0x5774671092667be75aab7a647583d71b35b7adaaf874dbd73d64c49e8a30fbfe,30000
0x35a729da9364d70f57833c7b3806ff31cea764fbe48a10d61b0aa2f426298bdf,40000
0xc2902906f11bda7a1b0a3867fc48bbdabe457d2b7b012c69f168d41a41fed57f,22000
0xd0b28ae582116cc0e035191703873414350b2b23597cbc9568fb594e16fa07ef,45000
0x5ffcc34fa4c00d6589a82255ffbb074306c8a66e7b335bf464745581d01f1cc4,88000
0x5b99f82343bb06b782a2793bbfee8cea99bb8048391342fc5bbd95c3d25de10f,51000
0x2718f5efcd7a203b0ffd443f692f5f9368d1bcb174d4a62de1b4085879d1dca7,37000
0x381eae0f5a22f6356c4d074e030cd7619c439b22395186bff7b134bba7bdd1c6,38000
0x06ee2c322872d7ed24468663adc5834b5bfa0969a9375027772bdaea69421a06,86000
0xc3bf093b950a5873f0ca246a7f3225900578a800e7da23cadf86b5e03870fd41,15000
0x38723324be4a6491142f69d9e4177f5c3d60ab805567eb25b783066723ef48ef,27000
0xdf3b1c0c3c52fb575846cbeda0a7fe5fb8953cf8119b0833f3f4fb88e6e5ae90,94000
0x94b1abb809aeb9065a6da5bc07437dd95bf1c3c979ea593d87aad1e6ae2198ba,92000
0xefd6e5152c77d4814716347b2ccc892697f43f7fdfce50335203bf2deb6ab483,57000
0x719ab0e47ebbf0a2b90b45ffd570306d90dfdda577f552140474367e1e5eb85c,59000
0xe453526a5541bc983798ed938acdc0797bf377ab7c3a0a1cbf614330ca7eee1e,29000
0xbac47de3d7cbd274d07d53b9ef155817713c06933c3794502cff76d5bcd5846a,0
0x290b6215f848a208806cc3a82d61aae416bb986858db37af02fdfe01a8eb1100,34000
0xe7703bc8e93b39f1671030599183bc62d8f1ce9a0e5380aaa093c1dda8c68d39,75000
0x1026c72f3155b532ad2a48490c97b892c39b50a7c37810ffb6f456c7b936e0f1,20000
0xd5d433ed9dd4b023c51af5411de81cf575717fcd83d6e9ca31c932e2ab2a9af8,1000
0x4e4d29206c00f39b36aa7ef75beb876d78bdc4b62b24da0b811db4dadb343697,4000
0x00b2663c52f4f4983f26d92dc7f22f2eafe9a4f9ada2c32451cbffde6d4e2c99,44000
0xf8fd20e21a23b1d7c851384faeb85d93b3d64e6025e408a57fe9be79da4ef234,76000
0x2bdb86fcff375b53193a1ed3f5ae9464c7c07fabf24a81ea47ceae46a6cacd4c,85000
0x10636c22d7f1b9b7322c0900f35d197c73ba5d1d90aee1ef67c55240f82d1fe1,99000
0xc8a633399968d283f060213a83c31aceac9416511447cc4728eb5d4dbe64ec25,36000
0x0495accfba7d4e3ac33bd9f5923c938216f3b988c0794f74856f9261e530534a,64000
0xf458b2720077def86914795e79c0c394c30c147c02213924213587de2be5339f,81000
0x8f919e3ebe71d1f9c1474609713ecd7e23ec64a5898bb60cc227cc0f820c48d9,88000
0xf0e7f891e35959e459acf4f33a8acc4a8ff8ad4692c0ad25fbf2b13355290b26,46000
0x382b122002a27b57deee2670714f00cf40b52828729ea2d9d4a96bb9b1f3b14c,52000
0xcdd768ef57c543f200780e34d4c16ccdd29ce3117152fe7ab67862425f8d744e,4000
0xa31a7cd597208e0652903292481c907dab4d66c749de667957179148bac56f5b,33000
0x28003cfa92250f60af67b391a3e957860e6ab9a4fea8ecb9a4469c8811a847b7,68000
0xaf19217f2d5147cd91c4e5439917f32e4a5515321c78cf8f49a03d41daada16e,5000
0x778887e4372e2e3155a2d046c0d042dd4cd1f9aa68251e4d5cfa6d8a73e8c7b2,28000
0x6ebcaaf8427de36cba831b686cbe72eae7f003217607c0b09d6e7bfd39810717,89000
0x2d06e9e79ebed2ef24c19757a66e720f4e3063a2a3befbbf9352da9c3c0fa374,58000
0x7af291709d377b0bc8f95be54dfaf39aee24a9a23f63d0f2f7ed1d75ae74105d,11000
0x5fb2505a1693d6eabf6cd2b4ff6bd8b354a18ece032355856e49963775f26278,70000
0x098033878d613d1f98db0568b502fed04a5c6c0a657386db9d094a7076791437,72000
0x60d9efc79f54995f6c705b19e5d1c89093cae4bfb65408c234c1aa84d7cc5e49,14000
0xabbf3c044c17280e471a1cb9a5dd36a05a0d9a2624bd15eecceae9c5793feb8b,17000
0x8729b7402b8a47cd8e2e810940ec061db00b497dbd0e70bab0753a89e4eddfec,86000
0xda52353f89391be986b79117297c9567ab5cb3bbee685642fbf0fee1352d91a6,32000
0x9ca759f28bebbeebe47d0d7edf55da8800878cd1dcbe4ac26f5c20728af1d3cc,44000
0x6b2aec64963846dc8696a18d843544865c429c9234dd847da2b2b5d8c4df3e7f,10000
0x99da5fbe36007534f119d6281c4188cb8feb94457dbdedccd5b0f28bc995df96,52000
0x3902b0334b5029f9b9654c310b840a09c2b2cc14b0c60c05cbbc666e6981c80f,67000
0x47e51f8d98fa087167beb3392989d2fd6c5d38b2c86f42128926c15628641c7f,3000
0xa3c84f1081254c30a9fc3a1f63fb98e339d5641400c85ee42d589866f0154044,10000
0xe06caa9345b8b021eeb9d98ed983f9f2c2541edbd36a6f46bbeb0dffe831a118,49000
0x71991a84b1be9f31a03d8366ce2350c312801fcc02859e928a8a848a2744e404,44000
0x48e1037ee5b5aa8cbb6b75090d723cf212082a58b5c936a85db1a225bd1acd46,77000
0x5821592fbd38bd8ed73593217608e4f93897760fdc66ef6e425052d8ba0f4c7e,80000
0xe441ef7ac80141a09b9e507e3c289ed1f62e4756ec9b4c85d87fe4bca4fcd2d7,77000
0xeaa13c59ef297d1615d4df7d88ec1c968fadb38eb00a288089a36fd72ada3739,32000
0x9c34c7bc25d5a03e95bfc64e8ee27e46c00dc44a0ae4134fc447a409ce2f519b,39000
0x76cc7ffc333879ca481e1169be987609185ed284827409b3fb48f24e5ba048ac,22000
0xdf22f024b787b3c5e210d0f349c5e9c492ba2ae6391fefdae08c8f48194f02b6,35000
0x4bb43eb68f6f9557faaf455367b3b09f02bd022634a8e923cad664457da88728,33000
0x3bdba14984201215c50942f736e0e79542c7bdd9d674064eebd1e0156aa5cf78,79000
0xe9468b8852965127912956944398f34268ff36ffd52593f87f5f0263fb105fd5,18000
0xa83863004ad998d4a6661cba712ac4fb0d1f8f482095b4e6f70074b8d945ec79,75000
0x4bd2b3ba22a8c37cfdf0d20caea4f5abbd332d479ab7dd9241edf606904b5938,14000
0xbfc4fd11bb3ba7b567abb8a866948a1d91918dce12e7f3df30f709e2e94f97a1,36000
0xdcb4f4e50bfb04c140132083b452f76f6589e64b22126d3687d2562ce9bd8a04,37000
0xd4e662efa8343a13c71974c8afc87250ceb9dafd281a6e06cd3ccdf7038b2913,31000
0x05fafa16f981bda5d7170908cc4f8609f94e2bc2d4e34e975af58f4dd96ff816,96000
0x8aa838d076341266988eee2c5e23d221922b46068eddb8be628e84ebce69c39f,39000
0x2120c1cb9cbe57d526753363caeb8f52850fafa2929b2e699583f9a1bdd89290,45000
0xb2cb977444d16b69a60f0a4432b753d5b85ff51b26a115483af5c141fcee8a23,7000
0x8637c22e3d702c7436bb5075cde932ef54adda1adbd01408e14993cc90a8f497,37000
0x332ea4306a91917b4e877650531e1f6dd12568fb7115f7625f8873a9c1629d84,99000
0x9224b0a34915a37c059b45f3cd7bbdbe8e87470b05545e4912d16a068fb7ed82,24000
0xf7313c7d8f4965bd3b194c4b1dad19ea3cfc64fa8bd5ff5fc8605f18b29f40bf,47000
0x0fcc91e4c14933eed2bb58bab01bb8ccce608fac35f8d1fdf70b62802fc4e9ed,70000
0x3a5eff3d0eb9c0cc2612babb46a2cbd54b622746fba86e4a4db08a8f66aeead0,10000
0x34116223443c0c6a446358dea836829f5b69ff010e53b5992fd01ccb6c22bfa7,18000
0x818f93736c364eec0002ce710e86632b8f1dbc732b0861b3c85ebf59b86ae78b,67000
0xb58de5515b6252d6856b037dbea78fbe77c986e96efb1e50fe111df9e5da2e1e,89000
0x4f376f27cd769b4f8ca0d84b3eeba1e2b9973f2099636a1be71b3db46b969099,90000
0x9c8a0a917fb48320677733b85013483529d0ff6fb99ddffdc27719a3a9b999f6,31000
0x17218aae113360528f8ca1e28bce8ea7dffdf41ca82e37944c00286a5ccafb60,44000
0x819b9ac3100b98c5c7b014e3f4665e82a5e3bca57d66960026ce6931d663c1d8,75000
0x689e5085d22593e620d3b82cf48cc1667dcabeb13f7b6b1453d2ca659e5d78cd,12000
0x2a8f5f831b2c008ede5e84eff215ee2d4edbf8a02f32835971944505f0814e69,61000
0x50e51f0169b010f5524a407baa72bd419ec8f0ad0b89e1b9b60e0b59dfe830b8,79000
0x9e0d9a0ca7012deb6bd3966bea6d0263f0c0fc81c42faf5a822a59b32b958916,92000
0x53259271eba20dc93f73ffff8ac8fe17dc986b8894623ce3910001964cf2ad6b,57000
0x3425d942e91b8c33991266940383d034e4a7ee13e14f73cfe06e34da63683ab1,39000
0xec8244d798c66229229bb5f359fcbddc3acb4fd95b4c7f0e851aeff60e37ee3f,51000
0xc1eda930ffb14fa5dd4feefd138ae7e080bf7b322ff71c08f15f649dba05c572,11000
0xa98290b129c6b189b2ca13a4bb88010e7f0694039d2b9beed43de64bbddfc499,62000
0x85d93ecd30041db338fb1fd80c4c472627fff38a91f3d3bc771244d71722847e,61000
0x0ad09990614586d8130ee9c14b4344905492bda963a9a4021dc5f7b825f63e96,78000
0xf0acb471a46919ce4a1b582897d7a8e119afb1e955d3dcfac31793576bb33335,50000
0xfae584eae4e9f08a4dbddd30db3f11a6500a39ca36c35d8199b8f22d0f6354b4,43000
0xa28fbbd78d7e8c13bb19a3ff065e16ed0ca8a2530b26a4ad80e38468d1b621f3,94000
0x4f100c235a4568e41bde6737d0ab1e8fad0d125ff8c9ed76040f9c94a7b95693,54000
0xa0c3d760d8969cb4e1ef87385bc189a80c55441ce59a9b90da701062fe07bc47,15000
0x72a4040fe00c9982f13ea9d64f3d84cb6604e12d57e14da426496bbb4de6beb1,12000
0x985256861812cb1f427fc40ec142b0accd3cf659eda892de74cf03b48908731f,7000
0x19d19f48081a44187f4a4264e20421fb111d247990ab3bc439671c94606a6f53,2000
0xa1eef71f2c8dc749e3b276afd2b40f822fe9023229a574496d538bb389eeafcf,29000
0x4dd1a4f5e557d667828185b74e269491a0b6404bfcceb660259d87dc6911573a,81000
0x20702e3603c03475f857e8f8400bb425b677f267ef3089825a2fc4257f88d43b,14000
0x8a1f7f134a45b39b4650dd73de5ca4f899e7e07828a1acaef0fc7fbb33575680,96000
0xbf0615651ea2f4c14424c36fcca3c2c927b7999da90d3443f0f636b5aa8052de,60000
0xd059d19534b5a2f634b81ad3c92a8fac2eb09f613a0b774d4b1079ab4178b79b,73000
0x0d072b3a9a8809b494a0f264bc50e1adc7d67b424fccdd88d36a0a422d8a88a2,87000
0xe8a5143cfd4d4df39183ac74955e0b2767799e5e2c12ddde08a1c1f60a510c05,31000
0x359316ccab4e0948046c56a39592dced829da866aed323dfd59526187ff7d556,89000
0x9f7c58e1d1c36fe30a96981aa8dd3b2b867cdc992f2701a564b52027e3cb8c77,10000
0x38734c1b2225bfa9f5c496cd814ce85324639d5cd0db66bea9ebfb68e4362117,5000
0x8eafb4ac460b328e2b82714f81b0191f84e9eb1fdecfda68293a9ed598ed48d8,21000
0x547e059956971c89f7faf961699e8af112cf9037c3efb3797cf1f1a6b91e3d67,5000
0xac57fe24587f57b7225c44a884eab933feb028dbfeea1e3a2674219da3cdea1e,63000
0x181f71f5c489fcf512e4c7c666856920e7572dfb46bc6d0242844b16d052c5c5,50000
0x5f0eb2593ae93dbc224c748f05ab98da573d6898ad19437e9ceb2e54c39c9e64,94000
0x5d58f93037d576dd011abce5a3ab4fdf83c52c2e396f715b717fc1266add8b36,31000
0xd6c27cf49dd44524e147a393034686ac3690e71d16067dea28b8e3c1db7e9829,2000
0x37215bfa166adbe08ed681d60b05fd44b7bc99406b19e909b6392b404630f53c,38000
0x62650a826131a87cc6947520379bd4bde9039ddbe241dc847e90f43e030d772f,73000
0x25bd0bdbf12e7b61b92a891b2f19b42bca376aacc6cc5b2539a0a16150f9f636,28000
0xa322364a3b683ba8becd0a3025a25bfa9e3ca7bcaf72281bd5e872c68747ee0d,8000
0x8a4f13e97d948e44aef6a1777762ae240dfd742a27e46db435f83543e11838d2,50000
0x50ec3ea393962b5588f1890dc8957f15e0c4a7e3ff96fb1e310bcab9f3e505fb,25000
0x98169e365791f5d245799ebb749ca2ac718a6f8a40a678f989cf4046e5a07318,24000
0x802b305e73b53118667c86a034f65691eb9702f39c1968fdb327859b7b16112f,6000
0x796dd8b4c0a23d4f6c7b5ac89cb42f09c98602638921629b261a75f3dd0f1abd,62000
0x5687d345e32e5a7240b03ffe8c3a3cab32566f9e033ac284f244b203c4d1a4cc,83000
0x953f49cb5a8ede1888f24ce3a63fb10ef9b401235fc594c936fd870999329758,47000
0x3e886570e9ae9c3b87b629bc5c424f548c1780d298866fc0c640d6c6dd0aeb86,99000
0xd54f96f55763dbcc4d771aadf7b979d667fcab79eda9c57f2bdf792441f044e2,52000
0x7626039c22ef7dff5720ce654a90c7bc1fd2aac98c936fdef8eb2e1dd23e512f,7000
0x3f8cdcb3539a7e5064d973775d0bd42d6cf0ac660499865cebb8ffef57fc4ee2,28000
0x8f9aaa2158262dfb36b82148eb1709fafeed3b5169ec03d119eeb1ef861725be,8000
0x1e45c9f92026c264a1ce476cd509dbf295f694a1b080ac946913d3debf652394,60000
0x162c23fa8b055d39b939f6252cd27ad64cc3898c7e789561ac6086b552ba7df2,80000
0x764f9c2125a6c2e590c4a63fae2219b84b89cca0d538feec6e1fd52b883081cf,1000
0x98810b89718d68f2ffc8b1c21ad07d9c8d7cc0fbaf2fdd233d3255d04ccf98c0,29000
0x3f98284b03cad606200a896492ba811f23577a25afe97d41313727a86b828bda,58000
0x314c4074fc3efe1788c58ae60ea9fdb4323fae4ed28b43e84b77ab2baa70e672,52000
0xb8c11bbccca568e559c21e2e83e986ba77a4c2946f10ab8fd7a38000f77b327b,26000
0x7fb959aa59765ee59c1460d3ab3cba788d86e6f7d5d2b09c40d9206a21f8eee3,80000
0x047da97ea7b5cc9c51ba66cbe69f178de2c77e04c50aa60dc5b3894356f07be4,74000
0xd5685f17e336e64a0598a1a89e49de1c9073f781e8f6533a0f1cd2367ecd655e,79000
0x579ecbe118bd50aabb975623d30ea9a90653245f42b9cbefbbfdb3694e3e9c76,25000
0xcfba93a1e9b74e6df9d88c0d496f4ad6f55c1f5efa583e067f424a0e2be2d9c6,41000
0xf28ec0ac4fe2e34b85b133a73be726b25b8cdb642e47f32a7cc0bf5438918426,92000
0xa790411db69d99798e22b7b1543e7ff6805da67429a1ec62ee545a8d812c5f45,43000
0xeaf4ef631c691288574167339a2691e1a71c157a9317bc0abd932766313fcf29,40000
0x01a9757b5e10fa978a7409dbbb8aeedfe40a49729c612cc1325c754e31e9e240,27000
0xa3cd35eaa8ae923132f28151aca73b9338f12ebef7440bb9698daa1b15d334ba,48000
0xf59b71dc9245002ebd8ca0b732ba17561e61c5c5bd2381ea91be6e79892ba8f0,33000
0x8963bd5909a599cfd371b0a94f150f8306d1968d9358644f76423ce6fdb5623d,62000
0xb0a849dd871cb1b2ccd902e07a8b1d39872c33a3e13def7cac49d53b13161a03,75000
0xb8abb0714d7e864327fcbaf5e11c7726049249eca103a7786c9ae311bd562d88,33000
0xa3ed4fddcbf9e593ec555a772c12cfef5ff89318c871334e87bb948f1813fd77,25000
0x3308e2a6190f4400d7a341df2f031e90ed0f283b56ef759afa856273956fe668,34000
0xf93d1639b513877902a41806883a98536ca77cdad1097420eb71db1b4baca80c,26000
0xbae7705e0114f92949210737ef3c563480d16a4b06e02a3f655bc4e2ad968448,75000
0xd9257f25af590992c131108065ed6be3239e53fc115a7abcbe474722b67ddf7f,11000
0xfe4e4958550ecd1bbcc39fe05ac49a1aa9a2c93f12824d8237c12a48a345b3a8,97000
0x6b0ab939a519b205e3da2ff66acaaa02af3bcb53e02a620ba765c4ef904554f2,70000
0x71802c3a5804f9f5fe34c5c379bd7cec33add4ea16ee6b8aa49b9a2387f90848,63000
0x57b38a08b3f6d528ec4bc069457f33968acb3fb28e38d2aee91edd9eb6c9a63c,32000
0x2ff5a09ae90ae48467e5b54973602d7710127d9bc8598cf154a5c1192725a2a0,57000
0x151d665eb531093c8f336f10bec2cf466b025880ee435e95e91859b2e055aadb,1000
0x1082485cb6e0121a9ced8e318243f968854982fd7aa88b49e048245507d64e6d,28000
0x138606d160a51c84b26803afb4be3759e03de3a3fa4dad3e8fe80f703e4c8c93,26000
0x8b23f90ccfc9b9050e94f8dc37405e3004972265f0fee35c7429880444796049,84000
0x4f06c6e25cd9a62548822f53e73662af3b42ea688e2ce1565379b1f6fa8b9606,38000
0x457bd5c6c7da9e45cc6432da297a908c0547c7c8b6be40659e492dd06dae9357,96000
0x00177ae61cd2e89289fa299244e8977f36222f86d3168793b41177fcb655615a,41000
0xfde845643d2d92a923fdd55eac3e3fe86ee3b84133eac0e82836251ee337416b,12000
0x932234cb831a90ff301845e4d5df1a0caf0ab61bb7a457c35b7c8e3e9429dbde,71000
0x7b8bbcfa67fdb817e8f619ca1209506f091132c04bcf208f97e5f006f12fafd7,82000
0x0917d7d8efcf3ef239608258037a7bd31f229b64f907805b778057301c3ce9f3,30000
0x9be62dccd81a1839915cb64250c81251ec8f73e57db3df34d23b795cd496c867,28000
0x1a5108595ebcb854ad961d1e8deb982b664c913305df39476f5eec48117a09d5,86000
0x8801954e233ef50f2f9ef5c872287f52ad06c30ef63f81136018d91795b94920,95000
0xcfc8b2def6db809fb86e079991dd6fb95ff4a201afdc2a00df2176fe1165bf0e,31000
0xe38fa539ddb4885e5288e4259ccc009012d63c64f75fdcfd7a5242fca289ac3f,96000
0x3b307138953235d9600c4fa148061ec6200c61da3eaa6668a1623545169c1455,80000
0xe1c22f218a0db671fd8d13c82dbb0ce1e2d278689bbb3af65553356114d7a669,32000
0x6bf8d5c3b48160fbedd9aa9fdf2446a1542f2cf48cec1ffc458cf34c48c70350,84000
0xd04d54449eeeda366f5129f85d950bd1409fc292e122ae988d29ea674d1e5978,10000
0x6146ccab992a8c5ae1ec97f3eb7302b72b0058db74ca7852d5ab76183163a6fb,21000
0x9c832aa72508f70cf18a919fbc35be438153e27033b5d8450468f6bb8199eaa8,79000
0x1f500295f624be0d9ad3113097f5b8b4738dd9e7e7d7aaa8a8653207df2bbb4f,45000
0x8bd1f27faf8ac583e567f8aec20c6564e9f6343861ea9384e019d1174470e138,68000
0x20349792c909e4259fa044c1aecf1a70c7fcc52c5e65ddc12e30064a95b43fc5,69000
0xcc4aae775f20a3a96b9e5c368a094fc7851f5fb01d715049daf57fcf4b4333c5,57000
0x57a12e58881605a74e21c0c70ae954c719dfc1e8613c9e9c4225617e2fc30846,36000
0x006a21778626b4f23734fdf75c00c5f58e766ab29921af1dbfcaa96122fdb35b,78000
0xe7c592afd92ec5e53138ff09cf4961f07dcc08e274c5de08c0d1ab5cb1ee6f4c,13000
0x1a645d31a8934807fd34add85fc32f4d9d7e93aeab5a4a23824e7bb165b32845,95000
0x8d56c7f9b4e9902b0386ab098463ca52e2964ce716b658e62a90ddf269adf112,40000
0x17558c1a931022eb1fc5a6a04461d26fee07df42bedba468691597d02a94d709,30000
0xda96d13d2cd98ad498be3d1bdc6abb3715c5f8c0ff037f9958fa4e8944e3d4d5,74000
0x383a2f7b2dd0a38ca9b3b4387c4d3f4d49d399952ace5efe906c59097d43f4ac,60000
0xd3a52883c4f7537a2978438003397ed6715948fc4b2126382dc81fa50c682c1f,25000
0x3209cbe91e5fb30a49e8dff08bc06737a557f399943d5b15f25dfd304b3b754b,79000
0xe88b81721116effb87203a7083f781069a4a5c966004d2e3d81be3c648462f5d,46000
0x4d0d2caa157b1d408a91c175d58b413e95d2605a8ddb48ef920288ae3cf6cc5d,38000
0xa63c0d190090fe925179eb646d74c030a7b40d83bf7b233f55d3bf066921d43e,79000
0x44ecf4037ffc888839ee1ffc22289d9e5b98a5523e0976f88da8de538a6d4739,17000
0x1e26ca546cc30108ba219a8df3105ef4f952f82c3bf0f83849976ba479a52494,77000
0xc07a93e672511d5c3c438e96392cc4375adf95ad8278ec03b38ef6a09f987d48,19000
0x680bcae8c06318fee44261c6619e330714901e923e28a93213d1de2260f89eb6,31000
0x253512e28f923e14ce85888f23485470cfb053f4d95db7f036e62109370a9b5f,35000
0xb457a2bc4ec614703fcd322ccd629857b2f556796b9004e80e137805d05ed816,17000
0xb46d62bbb933f157900a796969b246585e5263f4a055a0502913ed683a22a13f,28000
0x43580d646ca7cc74e3e1f48fab22463778086b101ac4f53f3dd1be25adbef1c4,47000
0x5bcecab90f782dbba4e7bb397692a3590209c95624689c02b339922159e750a4,29000
0xc67328267c55d7f94cf63463f10d80b7d661509b0c991433c596b266970c1e71,29000
0xd2410bef7702f1510f15c7c330ac7fdec9862606cca3e87299e40628ac13690f,34000
0x27ccef14fb3e0be2eba101fce080dcbe17d89a2114ce61a03a4b1204c02ec238,88000
0x82b5fbaa04c528feea141a9e21e20d529beb41b9ed638aff43a583192199a253,44000
0x421c8ca0891b84782c269dd91e4f6c12cd6cc76f93c6d2e146812ab1d90ae1d6,43000
0x4a8ca2dd2e83e1310bb5df9c2b37f774c1612e4a53ca5b24a12fb82ef02e16a9,71000
0xaf1de581b84ec31dab1275a8daacc83edbd455b939f4e5e27764cda6663078c2,86000
0x8a93225a456f5616045c5cef4a2d7076c68356810aa5156f1e2a060da0dfcc96,20000
0xea6868f814665221cd3b0790e7e248cf1001d32781a0f537bb8c2e6719accc53,56000
0xb8942c30f071930fa9e2a7e036993bfa5c1832180884b2daf94315d616e4365e,36000
0xd10607004c8cc4950212dafb89d18b1786c86f9684f3308e81373c9cceebeb91,9000
0xb7d30a544cbeef4438c047e5787f314741676094241f8fd11fcf3033ca0b1390,38000
0x91861dd85d18bd8cf840d432d48a4f03dca8e8afcffab893bbad547279685c94,32000
0x528ef36c51ce11374287521784f42c8f56c101803762358037a4a2ec8cc4a455,61000
0xad86a2a866807b3cf52f7b41d887da9bf5a90f2b6731870b436d5ca51a287dc5,65000
0x21e850c533e11335a87517a2a5d616bdba34fb03bd9b484744684aa52909a357,60000
0xd48aabc3f8b66065c8254320d253863f7100f4989f9223879f5960641fc56c9a,64000
0xa6658657bbc0c697bc39e8c5a75d14177f5bcfecca34e013b04efdf7127e4a7a,84000
0x4f60948db80c4773fd0af6c8fdc27671a62cd4baa3f21cd8eec5e889d674a695,29000
0xed3bb344bf1ec263335120ae55408239d043e274f24eacac9a8e6f6ed6eec494,96000
0x14bb041bcfc1078b79dc58fa7998e4fbc438fc5a9e48465fa7e3c3b9a006414f,43000
0x59819381f6f44bb975f7ec9f413e9cf0a74c975a6f30391876859e84b06c3c8b,65000
0x5cd6a4065999eac66d4253d4e35a1aa2f541da0c88f9da2bb84be497ece5bbbc,97000
0xb93556b35720650e1c521687a6cf5a48aeb8e9b7e328d15a366c269fde201ee2,22000
0xda8fb745b6534116868c4301a65c9b48327db3dbc5298ae649e0db8df20cd39e,36000
0xec87fb979cddc81627899aae51fcffe1a278e0ee1e45b43f3e3f70bc20a32edd,24000
0xb90cde7f15420ed1c5de13b52e3877365c5769cc8c1ae3b2fb1dbdaca1be8fad,17000
0xf1a4f443c8ac4aac960204f952ab821ba0336ffcc74b257f5906545249e9b0d3,45000
0x56fcf22c1ea49e7565724607bec60f5a9dcdf5e86bbb365b4409a88f419ebc32,72000
0xff49a45fd2ad33c92344614c37161cfb2de5b9c98563b726339f6a4048f59ff9,2000
0xcf80fb619e6eba61a879cefe93680738291385a1810dccb5dc62b97794f0aa95,76000
0x8c6d8272cc5ea81f0db53c73c5be1f5518a0a1507483f6b2a8ad4eb8136eb628,27000
0xdd9310474bc527dbe78ece06f12c893e02b6d5f89dae8ce5d2635c7b599860e7,35000
0x41d2ae58b6188bcb2305f53e0b6016a974f2b89cdaba3afa477ad8cf670be9c6,18000
0x2d6ba3943871ed703e13a76c46b8b51b9d5037ba970137a554f107c684ff96c7,82000
0x2f8a852ba72e03dec498c3024430c3016b35528eaf03f4d9bb1f21b1af16d5e8,43000
0xd84b59d2db0ffc07f02a443c5c40a2e3e13ead6d4749ba743d14ba2163cfb274,74000
0x5bac76b5171018c37e343958fe84e204f3ff14ac5d777522ebc0230004237df8,39000
0x86adb98647133bbc25585a66d67c7ac94791eb2eaa35b6534c6f5bf2e3b4a2bd,91000
0x1f3b2b1f066b6fc940e9501768a2868e69080de36c1fc337bb5d8e94d4123cde,50000
0xbc4b6dae0081309bbff119dc477b2be28fb54cef4a81768b2f7aa21765ed25d5,84000
0xcf1a0b37709c5de78c760e90697effb1600e31e7ab96bc570e8f1ae66dff596b,98000
0xe54e2497c693c07ee869548f570252d0fbd0c735e532cdc429b21b9acc8f0296,23000
0x0a29c81c9a5c3831703eb3787282aaa061d3a8be1b80e379b48b24766702b512,17000
0x0a9c8f3ab89851bb98f3b02950ce34b7ebffa48752507ca8874f27cb61b248e1,98000
0xd1c073abb7e6dfa58ddb454a69765522a5cce6ccca6f4118e470612c48408d6f,72000
0xc1252d6aa96af0efb8cdb98a7cabc665e38015106f980ac50bf19fdac632a66a,30000
0x387b686484d97183df86bc38b79c5e33e842b558207a6570813aef8d85a48e10,61000
0x35ff600df76b452eb01151c01f3d26afa181cb98fa387721e98bb03a7a1432dd,91000
0x227c5b769ba097ec46b4c798b02552e1e5aa48ddf2ea75f7fa5a054987a6e197,10000
0xc15023c6e22914e15a789be6ad30fa3b0505bd96fc2ac51ce47051aa96aedd06,43000
0xfcc30ecac4327a04017d0f31f12b21d2d6969403f54a47e7448ad37ec786ff8c,91000
0x31aa362a19a1022e0a92c550d092adf61757c3d446a98461225c7c56cc54dad3,86000
0x123b8ff6b8df718cc29326248f58d86b20134765e8cc6906e0243ce655101c8e,62000
0x29dcf3234902a6dad3da11b69bfcb4de7d08fe45abc76758a1641669eecaad43,88000
0xe0ddc4ff0a42e39775c407e1e3b8719211ebe732d7b0f9320aec52430367777a,85000
0x653e3e933323965c40bf3ecf01f2710c1712a63a0a6dbd8c8a83cd5dd220a8b0,66000
0x489c6e86fd6272dfd2c6e129be9e49877de255a2156c9f792931da76d1a3aeb3,26000
0x5dd2e4f87b5a6302676d3d1fb061dcfe9955a33ff4b70a0b3117395407aefc36,88000
0x6a291f484d570db6120f85c68a892a5839deee5137d2af8aaa9b715679c105d6,75000
0x72ccb7610f4f426a11b94abd9fd22e9522fdb83dd6536ba4a05bda44a8d5ba4b,64000
0xbda675878fc6970ddb8f461f9a6da0af19519d7b1895e3cc7aa0b1bd54f05fc1,75000
0x4369cefafe7d9d88b6625cbbe4638c20942b3a0501c56144549c27d592147e01,51000
0xac288a85d7272304a6fb870e4607b2a5a68ea9b8f6e4407babcbc51d72349bd6,48000
0x2f4c85add1ee1f940d1608f1fd40d2c4c21f98e0889845452f2ecf79651d4031,98000
0x8f7f18fe9e7118ce2f2bea557105752236bb6b59be5e0a7da1e38848e4f8c10d,35000
0xb52903afc03c8189745f653898644b76dff8615ffba5bdd077d28db36454f9f5,56000
0x8df27416fb6b99a1cbb52070efdacb132d939f711894bae430e429fa9b594c4a,13000
0x609cebafc93a0b217bf4b4be31d4a842269954c6706bc20ee3e6a4191f459c14,66000
0x73fb0c4b60f1acdd3a04a6a96b939dfa7f36cb1054f41dcb8e68c9af56e7c422,69000
0xcf88e45d08deecfa10f07b7efdc0e2bb6e851243988fe346959855fe3da17124,45000
0x6b619d454773122690b24371d8add3a3590e48bdc338d3f2818d92d31785d7c4,88000
0x38ef725d2eff0bcb44db727713b5b4ee9a69cb1358e2d3f8be748cc25ff5562e,2000
0x71a3e86c4f327152ec23f314f656bb91f35d53f18c695286a142ff2df16df38c,89000
0xae7188012d879ea1ddd615970f8735f04a2f70188e8df3f73adb0ed8cab579eb,71000
0xd5817b655b1056dfdb5dbe65daf07e68c3e39082d8656a4465277f91d3934f12,10000
0x82f6752edf6bf5bcb4720fbc22d77ad6ebd32011f2a0d83ff8e524e76779de31,84000
0x8b3600ca3546087483e4d39a57379c64865fc699cab9ecef91509d498921d58d,25000
0x14705e7590b0029a8af85e176332fe050631f02cdb3d2fc259958926f849ab7c,77000
0x84369c30c92499c5d5763464f5b51b56d8c66ba3b09205b285dae55eb6b30fa9,77000
0xb7cd8c1d1ee1f500705b1cf4f9157d913feed8063a0e40bcaca49205931036c6,39000
0x1f8bedbfcf23bf05093e99cc90010d46955a1f607c9c85b19d6a6331b25c057a,44000
0x0428188151da476fa4f29cd0e67602a1d8d0b08481720cae4b0e9c5d7fa875b5,32000
0x9e276175f8a70ce0e0681fcc2bd8689edec0a7c1f6820c17540c4d803d8d66f7,69000
0xacd2e0c7e1fe7642513de97041fe3ad993a7336ed2c5cad6bee08916ae8d48d0,43000
0x9987bf6bb4cfd8ff25c7f2684ab1ef3ead7e0ea149617fa4191751a3d9fb548c,44000
0xf0cfbcb622c35fb64b9a53b7563e2db181df9469f0849e3c36d3b121dfc327c2,95000
0xe0a9a75f31b36fff88d2063bc85d3bd1a0fb6916aa89ba6c3bedebb2814158e5,4000
0xba76a2b74e80950325d17e5eaac2a5aa099c9bbfd312d2479702f3e7b73c441c,71000
0xfb791d106516bd6463a404b5f81a625715c9c1c4da277682b357f613f1196c01,32000
0x50bbdf15b878aeb531129655aac50003d7b90dd65b4d40527f5cb1c0bf10bd8f,56000
0x4c820a11790c13aa5cd3487d78672663205e70c8e7b7fd95c4481daa66ae9da0,39000
0xec58a2021dfc7e90f6e61401190d14fb56d762a7831747cbe719a5efd114b061,1000
0xa93624f453c69577d491b96b6154d3ac7450344d3ec996b2a2a9fdc99fb457ac,46000
0x57800cbf01b5c79ebd1a8f1b8c081cce94326899955c72c3afffe3aefe562381,19000
0xf45fb73e1d336cd03ed6595b9e9f71c3ad6268375df24ed4ae959924254eb5e6,20000
0x6655603bacde0859a04a6ea14636ef0df64109fcd764eba832dd497c9f0832b3,30000
0x5d5a45864f16c87b6cf8d8e27adb2325a9f2149f7618132b8bf55815ed9c6656,5000
0xb7718bf4da5ce3caa27263470b046edf7579608d41918ae1de4116bfb090ebcf,73000
0x4bf327a448c91b4bb887b545ea0f5f3a7f74054bed1a81bba2d8e58b9b8a2a6e,41000
0x923407189a06ed659bcabadd7de56de18ec698af983a63c83ba9c95155b41917,94000
0x913c949dadeda653b2dc91419eef75b03b6a2518c290412c8605e765df5833a6,77000
0xe9f103fbb6cb6f46edf3154639112bcd47a87f0b7e9675371e42751d95f7752c,57000
0xc5124e61800dfa056a7948dc3bfd3d1957c94452b6a94b55c1db7a4699e8a0a7,73000
0x6fc74fa3697e4fa332d4de15848e2ea5043889a3356eae543dc7695d7a4af9d1,90000
0xda18e7c9909415b5ed79904e259c70869c836f4041d42026a9e55401c80f419d,40000
0xbb7839cac03e7aa5846df862cb486a955d3d791bc1c95fb6f80640b2ba346cfd,26000
0x1796c5bd25d67ed8e18876ead436108d68c8fd52774420044f8447f17b113cc5,26000
0x68bf6ef2b54b82f21caa970748bee6405228b5745b9def67036e9ebe8445fee9,40000
0x5775f7ce29acc7f1729b67285a061b6584e54704c6fd36e9dde4768ee6e1caee,56000
0x992fac73a1ab650eb57c616b8a750c5d6e6e9251dedfa5b604604663dacd9574,19000
0xe92099040160c438ffb6748d70d6d7afcd73901fc1ed7645830bf0839c056402,71000
0x27c88f9a445c2efc1c3922ece5807bfc0f8eb7fd234e72908e656c38d5b02068,23000
0x4c4c772609834508fea6a9fea03b6267a6daed36454f9bdb388b0585667b0f87,65000
0xdb68d058cf6b8489ade36b80ff65682584ce9c17e59a8d499a1c7d2d60fb5b73,3000
0x6a5bbd71eb1508eb6751e93a555e47335c701537efb875deae7d313befe54b30,15000
0x1abd7456fc99da6c850cd96e0932f6f5a2bb47cc2b1a6375840cd3e7dfc13506,1000
0x91a9a754d71a1c92f107d46245a070b8ce6f5bd1ecb46aa78d0ade6dff474f57,99000
0x769994964fe40caeaeb5b59e3fe1385d25623de6869c96a5b8a1e1a5b4cbf8dd,84000
0x5ca6715745ae7d82377d24c2d109ac247a9f234e4f8b9fd931d1d258b61713a0,68000
0xf17502fe9d9b2d9ebd46e9557e635ad843ba39ea5671a1d5b8c130cef7b4f1b6,91000
0xf5f23e597c43036966b8dd20ec02fbe4733d4fa233f29e26c37ada147865ca2d,17000
0xfc17040cee85a41c2a243a61585afbd8fb750f41e07f50182ee6646687bb2b0c,18000
0xbb5df191d7164afd49e1890eef28a06dbb635f434cdbf9a82b565b863150059b,81000
0x41fead8a02ad8a9c29b87e088b71dd490756429efa260aab9e683781423dbd43,87000
0x457c97c189c84ee712d0a386b957123d081209ab1fa160055aadfc0c94e4bf2b,12000
0x46a3fdedda7070cd777101777a20dc113255cb0e69f4661b17a8290e7ef9a4a2,81000
0xcf68cff61eb32d751ce63d2fa3153bb9e586add74091f3f61552e59a519b188d,63000
0x3d3f9a8c1a53941a9d9c9484c1e3bd15da170e7553236168d96cf2646dc71b01,13000
0x77854329e2812f35cf9df7271ce350c4cd0d61ee496c87a5b11d7cb2107a38c1,11000
0x075b17aace08c412660c9fba4a1e6709835a4dd391cbe90ec45d4a4677fa3cbe,52000
0x624e4b8308bebbf6c63ca74e35fb861f581682fc670c5d63e185fecf0b5d496b,24000
0xc3dfe0d550b040cec47ca8cd2ae4e0f308d05bac9cf50e80351af14e034603b8,43000
0x5ef7146e0e36a8a4afe58d4bd391ba52f7d865009e164306253e97a16cd7d79f,6000
0xfa14e18c68fe68d54c47e507031b41ab3ba30877c8ef0d52e8a7aa593b800962,66000
0x071a1d8ba1a9cd7109c4d384832d982d44ed235c4e578ea56bd5c9f05c535576,92000
0x98cf0c80554975b5dfaff03a255ca0be3ed9addf0775855c0cbc7c9dca40e8f2,40000
0x70fc8e44a749dfc7ece2027705bd5b0adb08e8bf3e21ae28604023bce04d742f,65000
0xd0296d409b91b4d85fef3a17cc660c2f8fac3f7dbb3a75203cc614ba9f278152,43000
0x7d65c680fa424adbaf8662efa9351424d2ae6c5e45667e735c567e734ef98c41,68000
0x12e6ac31247eafb335875abd904bf292a3d581aa1d2d96ad168653d9edea2554,43000
0xb7f164dca23b47aace273ddf8d4777d2427f313f0ed67291add7f4b46a73cecb,11000
0xbec54d3108387015375112667d7dd22feaf925c1e7be8065504e5e2dafa8a250,76000
0x7a6a4cf53c91e26e4e85fd366982dc94699de48d2ecd34cedf3a302bf50c9caa,7000
0x10a0693d331766f870c0c0ddcfc5c4a39eff07baf2d784fa96c93eb538164393,50000
0x04e1b636a460ebb336b71066882ababd0e344a24be3e0f34a79fb2dcf62ed740,64000
0x7d99c34154cbae8de8ac01b7281721e293962370b7415648b0000b1d7c971075,30000
0x6d688c7bbb8d3febbd84c4ec618eb385211dc0b3c5e90c0c65f2586f8966fcb1,91000
0x0e24a62bf682e7776a0f43e9dd2f7c31a5f3c8fa6271276dcdceba87e49d35f3,49000
0x77be727d45ecf05cf4177d8ae2689eba44ecf2cb945512c83202976862e799b5,60000
0x92a3b1ac6b6a582c86b943f4f0296ac11cd4f3e58c2efad8a42fbe4aad51eb2d,86000
0xf30842e162f379ea4341f805c182da7e63b65cbb382e008f656d5576f95bbf28,96000
0x9fd206065b25544f93a7b513a2d78800b75c0e3f440952648ddd45efa225877a,58000
0xfa03848425b46e27753a03017cb1258614cb46d8788601d1eaf527e50cf41478,39000
0x9b4e9c4616b6d1623fab386673902877526114e47d16ad7f1f35b9ef8bda3a9f,30000
0x218eede7c660c151448d22e63b070b4c98c9efbf25d41777d8321fcc7d9b54f5,8000
0x37a2f484b3f6fbc62d0dd9a9bb04ae05c3df27b70bb34b1180dc78c4f303625a,34000
0x7cf3a48862464ccce4214790f20f28e1f5060bfc3ab8deef888533cebfd1ca41,21000
0x0a88077721ab8d8c643f21d6237d9920bac8a05b074b9ba7353372f71988bff2,3000
0x5e7011352d6000db1827c4e8762a3f1c2968ff7429bfbc0b1db1be096c574d83,13000
0xd4c3a10d502ffbf1743d882205474b25e482a8070cc4aa68f93df40f2a1754bb,82000
0xc7df0c420dcbc6c96fd16a4df55aeafa82a014d836716d2ef5c7a2d972417acb,81000
0x863967094ac11bd36189955ea01ebbbfa054fa78d4b72d171038d5093101f83f,76000
0x3ff0c04d9bf316927bf3db7e6b99cf2b806ca1249554ca5298a7b19c28aa8026,69000
0x38b65716b6c343aafd8cff1d1710681160f9fe78d5f3b7150fbe1214c0552ce5,97000
0xce1e8c4b662512acb6c2e7e2e75e8beaba4259c39325856ca9769660eb70b8c3,19000
0x217bc9ea930fc700a219ac3cb8f8167398d04d71b240af5d17ec228b01be19fa,69000
0x582f492121833228a3e600e43d32337e6a052c5f7a7f002fab5357757e29986a,28000
0xb34ae3cab3ffe00132416a0f21ee55e23c67854bdd889d7616370919e026dbc4,48000
0x390131a64418b7722638bb6832391124116f4c40686a33d89e12dd6d019eb415,40000
0x488dace41aa6bf62948a5e857f7c0e69c348ec20f95067a3cd00207767457f9c,19000
0x00a555cdc7e803bcf79ec0c1ed0a865660bd8b1cde49c8c07b77e807c480cbff,68000
0xfa2ce193ad73ef7bd704950a0e6ce2f4d57c41e2a4d38fe6602d2a8b4fbcab97,93000
0xd6c3cf4ece33ed3d0843500f5b11f0c10aa4442d0994cca2b434fa2eeebe189c,98000
0xf7a8caad985ccfb0b855123e49fa2b899613c352a8b7fab72eb9e4920be2f46a,72000
0x96abe1b368de07c66d1f59b5e15d8647352c6aa19f63b08a43e583afc480ab03,48000
0x00ea8f79bfca969753facd5579b919eb96e55885b60db16d0dbbfdcb85e91b75,82000
0xd05eb43a51fd687b0c0eb80fda6dab1e6f1847f21d7aed3ea99e0e9dd6a1c74d,32000
0xb8688cf2493fa88f053d7f9a098943d1e69f9a9db39ad4eb1aa4165456015dde,7000
0xce320aed024a25ed9e6f8121c36199ba316c9ff28b57e8968883ce2086b310a8,15000
0x4ba4efb75456a05207391c042938207e67bafb72b58d5f14696f2af911ae2f2a,87000
0x0fa7b8d10f46d1f48f8dc58110d6371ddb3ba33f47268f22abf6eecef64c4f00,64000
0x2d8808a0058a95fecb71b9246c16147920615aab3ab77354f547cd7c605672af,39000
0xd232d36e1d8ffec105e7724a68e32916c05d488534f1b057a6d7eb4262edea44,53000
0xee40732864d55e35aaca554d0b530872155bfaa0e944fa4aece4cf9c702e66a4,0
0x3016b49a427cc4974db92910a6082062e30de09355c5b21c5235badeeb194b64,31000
0xed1affcd4ff4aca04aa61e087cc48cc9140337e12d986b606796b8889a64055f,24000
0xba813c36b3d647ee592425b7923608715b38468612d4387a179a3a647835282f,45000
0x06b81a50d3811826b8304802f539b19f68717b3dfb132743098ad7483361ddf9,41000
0x1e7f9e69d68ffb0f6d8974e68da111cb27b5e428691073e2164e6193a5067622,55000
0x66942e313a4d8c87265536de4bdf1c54c0eb73dd3dccf34a60395bb8be1cc87d,6000
0xa8a61b9245652a5b1b6e795b8f7ad5cb0ba790c61485b2dccccb4ae31f1233b9,37000
0x2e1061fc7cc5c182a73a25472d18e70459f843ae7af3499f0890dc83601b2302,59000
0xf2328f571476d5db00dccd7e435ec0d4eb8a4bab3def2eb99020add8b6a01172,51000
0x71844dbafbf5d27b1ab62e4670dc5cec33112e09cd1a1f41089860d02bd4070c,73000
0xd6efeb1735ff3ee399f2032e21e05f2c6f6908e2dcc503ec04afe9d408f8b67e,7000
0xdc21e68cb9376090de1263cae2e3d9dcf82cea57ecb0bed8ac01f744e92a259b,11000
0x523bcd5bcd42a1fce9de066115dc7619189a6865e4ae36f3c2099b767aded2e5,17000
0x8be66e249fbfce793194e785d62a8436381227fb3c724493f2ff71d7d0a5ea4c,94000
0x07f49537d3f06811234d757b4524f6e08de74bd34ecb81e2742676c687f622ea,57000
0x1617319059789e613b1810993bc6b35959793150e40e52a7ce0ae5679124876a,14000
0xad5e04f20f98f5b5dab47858b69ba5feab10f24a9aca67565527b389467270fa,2000
0x86b3e15d7a759d6c3f27fb9b85dc9222ecc01f9d0924460805e02e19f2ec4d5b,10000
0x30910ae0158bb993d897f4d8e129ffa054f73b3a30f5a28d8dbe980ee888b395,75000
0x95aa081b6aa9ef3c0cf66fea4ac511d09cb8aa1ad9159d30e56abb8518ef8f28,34000
0x609ced7948848655945b121433d71d336706cf1af18522894c7856f79d313847,61000
0xc9588571246e8d5abc29d3974bf6fc8320ee60692a014ffa67ab892b27cc104d,81000
0x783e8a9a7b42ce6c1d363e5345acbce37a9e5d5afb05b975c5c8f76d3e6280ac,0
0x7aec05370e0402b9643a4926a4b596389a4828cb1ef8e3f4d3f5648d2e21a413,79000
0x330eba1371a26197d222219272d9c86206b7e0c4141c72d03479b62988d9ca2c,76000
0x267c6e21d983cd579dfd6b504bf281c912321d43d67d96979a99c184a04209f1,29000
0x48d8a5cb1a55e380db0a5c6dc81c6322ba8309d745c80dcf8bc4df76b417965e,16000
0xfff0fbcd35195c46928fa24510abb799fe8a87b70ac4b3fad581c8892eb12de1,5000
0x54a6a833e0c34512970359c4eea60d80327912bdd180e2670061be3ad76457e0,99000
0x5c3be9b515301ebf19a3a1daf4bfc0b548c81f330dcb9ef4846fdf65e9ac9963,31000
0x4dbb81d1484dbcd98dc12b354b6a9b6a16a2278e10a848267e505b339c990378,48000
0x3ed042ad53ce44852358eb362f5c78137d689acb996c17720a1665efd6c6fbb3,64000
0x012b7de341a1f94c59260fac693ce2b5c7667a204e809eb2fb75b02720ecd5af,86000
0x0263d0bc771d11e64903cd2c99a5d671c66bd047d36bdfd1bc69c303ac1fd8d5,52000
0x2fab39859ced338e624111d9509a1c48cd745af8d3f160dc43b75e69959c4f08,63000
0xf2244e60a88d838bdeed29132482c7c2c536ead240b5e2df14fa2a334bce9628,27000
0xf86361be1eea880bc7b45910ee0f3ce5833c439057e4683e7240081a87c9bc07,92000
0xbf7ca7031e9cb0283aec5f0c6f38de2f8a1154a2e98d73c0eee6fab7a0d197bf,13000
0xb37b2d9f301feb9a0fd3571da94eda26f89ffb2110cea9667eb92515b751fdf5,10000
0x5ddc60587b88826056358912d9054a71d0e42c6d14ff80d86ad6f5fd452200e0,7000
0xfb008376d2cd7ea7f95d3b6650c283ec91a31a4da42d5acf66ece4ba6081f596,66000
0xb4459b6a9deab397694337dd722f1b82dd028843e1a15d7c91636f5016405a9c,7000
0x02f0934ea5231e8fcae7d795c49521ff11605f529e705829b2d0bf17e00d4bd2,8000
0xf519a4ca0a952b2f256e8eda3fd49571d1b6b2e36dcb14aafe38cb54e36534ac,93000
0xa9388f047400e400189efd74175b6e5fddd4beef83a132b0a38920059b280bd7,11000
0xa6d87829a769976579cd33da061e62803c63a4e1eb70185612439aa0fe0908e5,83000
0x83ecb6f65e086d0631b873bf3483a80900ec65aa2da53bae9cdfe9ce5a4bc3e8,4000
0x1f832d411d84b3a11038c47cd1f537dbef56dfeb818dff32bffcc305b2208311,34000
0x36f673598a286c5f7058e851a8ab3b39f221adf5e9d9edc4ca191c512b1c25a6,65000
0x78be9489bc18d8f24006d46cfb3814898444cc60158733b0ed0d718bc5768bf7,74000
0x3a15f32d7e3d03304af3ace1b33b377037948c8e624ace47d0eba596519ea81f,58000
0x9f88ac59f8d5c819886fe248f942f4800b748cc32e5751257b713992e39eae97,10000
0xa2e1902bd8511dd4652936df24d99ef99afd3ba5cc772d7909e4fbc7fff7f806,7000
0xcd969215c68c9ccd5966ef1f275fda3a4e0a70e3e7dc6b9d2870bf5a5f88cfe5,62000
0xd4109ce60ac192c2307297bb91536a9455bf6f5161e153ac21255db09c0da06e,91000
0xb686b2e49edbd1c71ccdf727d2764fb3f3a222091a6adb29765db9e3fbcb7657,59000
0x27a1ee443e6634bb03f6c0b9b7243d25e63cea7e64e4378571679604604157d9,31000
0x93525718156ec2cb148188f07ae6fc046f227ec4743768054a1a41dd13534fff,77000
0xbf8a80b77350db424cb519ed6d2128cc7d683c61672e3acdd0288fdc16758126,68000
0x6d2007d689033a64c1739cfcd99b224a315e11a8e8977a246c3c59eff34b5378,35000
0xbdf7b12305802ea747d79a501de1d2de2447f6c0748bb35a8ca682fefc924cea,36000
0x601b306068df8101c1f07300683428beb6ed537131de1e36b5165e51a234153e,39000
0xbd5b3199980918ff3045ba8f8ba765cc5ec56cc81b85131482a2cd34fdac542d,12000
0x9f8725397ed160372636831dfdc84cdb0ce717f1224406b28b6e7e6e4eb4e6dc,30000
0x629bb4b53c7e1d253f516db8e079bbf0d9e7c2b0d112ae509eafe9e54b0c89be,4000
0x9cdf76216f16326f97cc207e399160538366c93a74f3497c12bc8cab851dbe96,50000
0xaf5076b6c185899f2b461254166a2313fcea6a71db937bdd482d8df313cda50a,99000
0xa3f2b608c270e774a8247fb9738cb2215b7ccc209af1a144bad6c9c59d8cde1d,65000
0xee0d55e80553da9fa0b3d0b5ea2b9fcecd949d0c06789e4b6038964a51a7e97a,37000
0x132fba53b7f9b6761824e678f0d3befb74a3a8db691401054a8dec31e7631b0e,31000
0x2a6817ccdd54986f93fd6630c879b88b93883362794b06678d1726d7caf1da3e,55000
0xe1144f9d2bf5c38e3d21891699fdc10120052e39666c5fe0a56e07fa3813e569,81000
0xdc4d2b9b2691226748f008814061e84a6bee9a67d56abbb2daa7f62f82bb689c,73000
0x662347a26f99dd3641f0a7333b55dd4c1e6c007aded5f978dd5c9b7eb9079d20,60000
0x31123be6aeeb19efe2d72ef2d68ad54c575c93d3c85bfba168a4e27bf305831e,19000
0xd2296fa9d6e8a9fd993097771004eab7666c5efeb23009f522470b0005bc5ca4,22000
0x24f00f2b0f897823b4a2733993524b752cdc869f7b06cd1c418d99c86f0d1ba8,67000
0x45fdc729c4b9c5e4ee3c182821ddb89643a815a8e11f0fa49494fab35ba9282e,3000
0x36bea4f5d563b40566e908cb08ad20398a5c0d077599a14ef523890d978fa34d,22000
0x616f8cae8f08b48fcb5f650809a031e5644b3790e1b23a7ee3a02e766facfa87,42000
0xbb1cfedd23d45d12d14e2c54d1986b1feae96869d9f0e0e0663e3374b4f352d8,71000
0x83fe3e3b120481d21b9fe9e73803405c503ab5665a7c8e3c53829c45a4603c7f,73000
0x9413f0f79ca583ec4e21e9ae959d5526b0862a0face338f24b191cc244ff16b8,70000
0x88d25b1b0129391214115c28f5f2f35bcf37faba9add2d4cd3a35c9824089b67,8000
0x8f5d7b824dcf0108cf5ed06aebdd3cf0f2a604ab4227343cca7276d0b3c7bf06,39000
0x173b5c4222d85448bba5b1f16d4de72822e7f4990ea00e0804d1b4176e0d1d87,69000
0xb5386e48e4213cbf43eefadb178608755bf9765944f378abb5e8abb7b9b6a768,44000
0x2d737207b003bd52c78b45fe8f15da5a5f763a87a8e72d29211681ec248b543a,53000
0xd15695374bd1d1e2401b02a78ebd34ec043b95b1418b5d968b03b420b3bad3ac,31000
0x92c3a4c7c39d65a1d448ee7b95710aba9c04c430bef18b2273bfdd516de89872,19000
0x528bb660a9606f6952e894502fc69c3c23583049b22164c58e74caae92fdd0a6,40000
0xd15335a9c0831db14c832a89d6010feebf7ede307281dcf51467275b5233e604,2000
0xda0a783033d875f30df2b096f5b4586d5823013e0f4f8e2132f04c4b2bd92091,64000
0x21a7ce679c60b3ca77d85935afd460e09d73ef2ac6a9d2d46b7309a89f49d5fd,11000
0x47ef4c961b30461171f9508cd3d8bab9eaf2a84c0fbfbc8f9bc58042642284b1,40000
0x5f90394871325f1867894900100a49551a46f5fc0b334214fcb87c551060f684,83000
0x4b797ea521761cb80839b78206a50a3bbd3a215b83e4e12b8bc4aab0223ba96a,77000
0x80a6deaa86d60c1578e2e08d7bcf7de40dd880c0b98c08d44f33d2285c54deab,21000
0x5b4113e8740a95ecd2afcada45a289d330d127f16877b95ba50c1d77a9a0baa3,88000
0x54f5cf87ceb9fa63b622aaa8a15852b80e79dd4273a84be013d8e856152fc5c4,40000
0xaa8f8e76c16d2b9e929018d4d0c9116ca59afd25ff638fd4437eacc9cdc76ef0,22000
0x66c70b532ed394dd34b371c29ba78a04ad4da724fd0e9552e6b2753e48d1cee9,38000
0x03c6c3acad5d43915d1194aab2a8185f85b28a68e14e72f1231fe880012c6e58,74000
0x4ed4aaaee2e1f0f2ce3bdbb7b86cea61f6450450fc8a287276d3c69e8e3a3041,54000
0x07303dd784252106feed9c1a9f1b648374712a995af1860177a964f952658f9b,78000
0x9f3710d38af99c1c943c676c81bbbd458a28ccf8b8bee6c6049f09d3518d00fd,90000
0x5b23ba695d4d550a121b97c45e84debc12f76af0337e274150155424f81dc370,45000
0x5745fb52a5bcb0134110fd64b62eedb48a5822aa91a2300822ee05f09b237834,10000
0x74a8293fa5a461989bfca01e2c946c77d36fe41214be451ebd85dc50c052a875,9000
0xd73a7ec1f873948133825d7221a6d01767fb91e0a5cfde24adeb2a30bb2ee15f,84000
0x741321d47f9192744ed3a6bae3a0271b2fd17810de110b819783d881414c746a,89000
0xf966f9d1194cb034ed6e1c78c183ff5f74146659450eb500ad88b8ba80b47d9d,7000
0x1964c257f609e9c3885f6f03f76b9a282f6be6e5e824c66214c18075203ae308,99000
0xed9bfd6e764a803a362a1faf9da2eeef644e672ab19ba0c60ec3df30ea278a01,75000
0x7d95cf91c7ffc5746d11635d1fe583a576fa009ad5e097aafefe930f15f42a40,23000
0xfc62b8bf6d6a0fd7dd7c8a628a882e084aa40af7b97083937d20d6a8690c45f0,49000
0xc231b892702d5d8c2f757f5aa049f43354f097930291bce1d373828e91c4cd00,21000
0xd10462d6939d91dd6f84e2813b03d49783024bd51f737f8ced7dbae7be892644,79000
0x2b403f5b5aba04d7ea3b9a816d2c60b673d36ae8045c650591e1dcd0566b7baa,41000
0xe59a6bfb42bc748b6511f73cd3190a3ad56ab43238774381f0c7134dfe370805,41000
0x4c44422d99c0fc6758da98693c8dca8711f70b4b8318efd31d22026b4b177d3f,10000
0x99e673b4d5e9957e3dc5618b3bd58f7d17c4a1fc7dd7aaabe62ab61b6a50ff9a,58000
0x2addc63b1f57ce5201405ee589bf477b354553b4f19a90cda4e657968ea91eb5,58000
0x0f1595b51cf9d05374ac1476d8416cc2867c5a36b17111f4236d57b8d121eeed,33000
0xf520290dc51eeb82f7abef49e1907d7ffbb29677197e57e4501a129c11b975ff,53000
0xca4712511b36f89c673a95f6c3b1fe69c8e7d5185d2b4183a3b5d33e75fccd82,30000
0x4cd686dfecee20a772c22246e8004a9b2a6644be15812f50eb551c024d651a7b,21000
0xa2fe2e4382dd67a41e9263a8504298c6a54fabf468d3bcbdaccf7b6d53166727,97000
0x93ba895c10b6a90d416984d91d4268c4bd0bf3452825c6c775bf6856ba201229,71000
0x57b0bc8a6409acb2a8f76b90f633f531aeb5c4995a90d18bd4c898ddd3211669,49000
0xf717b6751dd55125f24203bd75b60b50acd1b3c010804b0eed051f7a358f7da1,93000
0xc4e9ee113b58cd6a63e24d981d59de6dbbbdf6d84ecaf6c4c8811c650c3254b1,2000
0x8b2881eb7f7563fbc45810a4c6776f067b684c0a2befb779522d072d6f5df01a,47000
0x83fd7c325ff57dfd1648aeafa0fb1097161320e3efd9294398c693223bbb0581,2000
0x825e0e7be95d3765db8d70cd104f36b9f99a0daf40177465547c384b84ef4221,71000
0x4fb1cfd4c63ee8157a19638ffd702ea14b2e30c39df435a73c64c1ef0a9879d1,94000
0xf98ad868c0f63ac1434faf29eca8d62f8b1279db267c01ce2ab0584f4f936659,78000
0x0aa7908b5c87a473d6c799788e386c77b20c16fdbab6e19ab80b2e6874805737,59000
0x17336f353ea5e62ae0fc3d1614d43380ab33b286bf41717a043d2834396c8555,75000
0x98a34f4edc3aaad50171bdc99ad91a327faf2a8e2ee9000e14cd25d2506c4e08,16000
0x58dc3158c997a1dce49574e588ba0e74dea00027a36a86b635a6dad743886474,6000
0xa562c3e94ff1ca4a7765eb082937234c358a7ad316507fca4734a69b4e824337,27000
0x9c3197dd3cc41d1c2c664a13837828f0f5bf9aac54c7eafdbd5d4bc7f93965ac,5000
0x13b67b5a0c81bc5ce941aef555b71a02ac05ad91f8982d2e5825ace1cee54aa9,87000
0x9caf2d1cbdd5cc355b55fbd05abdef31292fff209cd469eceb69c6ae4a194229,23000
0x098c6e3b09b03bf3c8b482c3f7846702dabc61fc849cc022525346c6b6349970,62000
0xb8129286ad2e8678c2e5c8b3e7e4a13caa7a7ca3a5a8c6b4a70c5037f270a64b,48000
0xfedfd7e5027c2b0bf59737b304d615631751c730e9a4fd17e3899bce54494679,59000
0xfb17f0557a7aedcc08c84bf670c3682c865e2476e8054dee289b506a9ba7890a,23000
0xe922f62b9fb16831aba9ed3278737d9de6deaed99e1689ccff8091bef40c4d49,35000
0xb827fab686f317360b84cc843198464a04f99a220a09d4aa0d19292fe8a9e97a,24000
0x59d33e2b636081cf6bb53481e9fe9f0ca444417fd78b88b9540c1ecfd758f16a,6000
0x87045eaf184e735d7a92a765655fb6d7397d4523af2700a113165f981098bccc,1000
0x6c0f2e3e1aec62266b74e727f65fc10ac64a9ecdc8ec1f4d1b9b92ec1292ef8b,15000
0x0864abe5a9337df6f0219d79b7f3e111c7f591a0805255f7611b840b0e322d7b,95000
0xd0c57e661a668963d5699861acf83dc77b0fbdaf1694b3d608dbef9af5ea49aa,25000
0x9dc475146fa9e867023e5693b752c17764b80be233ff68634ae6250bb8c594c7,49000
0xde01d0534915177348580b7e06e4c45af8841f3280198b221d85509b679095c0,46000
0x709cc32a0f76aa1e44abc9bff0fb385f7542e14bb4eb0c032f6af2571825d4e7,72000
0xa5e622adf76a428ee8291661a3e5f1fc02f3dd4015ea5d00a7e142cd2c24208e,89000
0xeae532954974bba1b581e5186868efa939bd68e2e99dc59930c6e3fa007e1e00,30000
0x8936c66a9efdb9f1eb6e32c889184cdae9fee9a9ce15a5f27b7adfaac9900fd7,27000
0xead286126f328d4984548b15c82521fe1e21bf4645a456c294e6b99860a4aeeb,39000
0xd7e887f95065d6a889e5776cef0ae8dcf9745164bb1606ea42ad881453606b11,70000
0xe639fb048f5ef29a4c47328695b56f5f8389241b93525ca58cfcf3ceaf309df1,47000
0x689d841a361d3ec4af5aeb989177c919e0cc5ae2ff7909bc8a166c632a71416e,10000
0xadb492db5c7afb1669b18dfc560a66fc06929c9025ffa20c43232d2094686fdc,30000
0xc658f6e36a377f40b48bacec310be33edfaf9420f7cf4747c66be6210c2c3913,67000
0x8bbb9fa3235eb8b5e8a11152700e8dcf31ccff72ba6b19d4b3938fa3be9dd50d,73000
0x2b3e2ab13b2fd2325bd143690a7c2c17eb2ae78a7540825f82b567914ff85b38,64000
0xf1e68af8084372e1de7eb0e6a7bc503e470fd971075be5e986ecdd3fbfaa6c13,9000
0x3b5973bdb66717fb2fef90fdc002bb6846bedbfce2659f24542167a62f18c848,87000
0x38c140bc838fa163ccf7228be1b879e888ce83cbcd83a9986385b7aed1e5a5f9,52000
0x40e55660f4f534a9c57b21e0b62f36ebb05d90d9af5b19264b8799d305734fe4,41000
0x40056f2698f732a096eb0edbc0342f2deceb1fc182fe81f10839498a880bd1b5,91000
0x0bcb416981096947583a830366a9b8a0e2f7e3f0c01e3075e6b914be16bddff7,99000
0x771c45eda42d8f55fd42439287714ed6ae4fb503c0ad50626c52375cebd82c8c,18000
0xcc291658c6bbc005e82d0731fec318adad0ef6a7710b500f47a78bc0cda4e0c0,12000
0xd44ca9b003aa1fe41ab75ef1c6468f0a253ddbcec522df16c5946995e75102d0,58000
0x491c1e161f4e34eb307b7bd5d5661555cebd343f46190f7b18e3d2820ff9b3a8,4000
0x91e194b0048359aaf82524aa0aadf20d0ce9cc3988f12dc06810607b7cccafea,39000
0x0b2327c13c754b6b3d5f7b6d0419a8a6c6d26059836e9a7f2ec6b720b3718402,19000
0xb84ca53a3535ab7318c4ae9eaa27e07ca0123cb402f46de94f7d51a7422aa56d,57000
0xf1f7045b0e9b41abd98d0bb3d72f5a7ddbb9724dd6af3ac3f43fd6cf22664af5,85000
0xca4435ce51a48a3606927da99bc5c6360e3847ebc5163d378902c7c7928a3064,24000
0xc8969e707c56554886498732b1c300c1aa3a08024a3c89badbd9964e21f1427a,79000
0xbd7db450fce391749869b58301844e71909ce28190e6d279c5cfa43908313f34,19000
0x03126711fff95303476f28827326e4eb7ae47731543a3e44c057b8a553617a16,88000
0x6de06dfb505d50005939ad5adbc7435b761c0806ecf1629e2b6400f726590cda,39000
0xabdd18e6ea5e1507bdce5cdff87df66761ec0831ab3fb1ae2a4225b269e98fe1,83000
0x6ea8240574dd4b518ff2beacec6f4e2dd6303aa98ed228dc1003652fe8ac8d01,47000
0x5eeadde4933520d451e05bc71614c038a4570d58a966a7ed7bfed594f3bf7287,84000
0x407202284d7855a617bd07891f541d2abc6f71ea29ea3f7b25d827acfd97dab2,23000
0x6033929a4e3cdba4141408aeef28e2a004d130c5932ba2af06550c15b6df512b,51000
0xe53f09579726c5a409c7d4428d38791fa6a5a37baf5668c5d7c4798baa1316c3,19000
0xda6f5c81a628779630eda3d80a95b88219eefa8a27286c3a3ab2682615c9d33e,9000
0x39526c34d7c69ab39daae0a16e206d6f2e4749f724987e17d0e957aa267b69d8,83000
0x95a2bf95abefc6f6f28577c5e69725cd4e33cc3e1692020b816f5b200316a492,26000
0xfc821e963b176527129940ce99eaf3cb231218cc57070c0ced0533cdabaf9fb6,99000
0x7e4941f4ca0a9fae195ac9995330f5ec1acd28656e8b34e40a96b4ea47ef7e2f,34000
0xf349e4f48a89622d6392d2958d5bc5f811c16f7cdfc2150fa1a05b256fe8a9dd,37000
0x505576d4da45f3259c42afcd8f47bb68214a8ffd374d7770aa5562676359e79d,48000
0xbe243d9d3340f41b1dead9563c95bae2d83751a0f00c56e0e51f1421f275e800,11000
0x3ed6645cc2426729509236184e52ec5b0efd8261b4add421c6db414ff5a7fdb3,76000
0x3fc3a346cf4517f904dc3cccd08ba306b479b6e98758f42d1bd34cc6099d3beb,22000
0xe321a279bea0b7e26b220c0588c5aa19a984be7cd8da1ab17f8ea4d88a4f5733,44000
0x994d878ec905a4a660555d8812ffcb390ef9d996ba45a4c1f6c92ec7eba6a7c1,19000
0x5c299cc5a4ae57c13a278cf357dc7cde45f80fb24ae9315a12ab5d82d8562327,92000
0xa440bbdd8f0ac7dd67e543d59e1b173e8e75ac819749eda0f9dd67d17e54a657,28000
0xc7d4bb5a6da438f41cfdd437de699709161228320db10966155046eec1db2ce8,3000
0x8002faa9801cf2d2a38ca19eec1bb5f755845ea0efd38ca97dfdc924a5b864a4,32000
0x625de5db576baba75c5cb83dba8801f80b9205bed8cf50ae3a04c40859ff5110,41000
0xc27729d68c033a883825f3124e804541921ae0281f0b88e1ae06937d265fdc05,95000
0x12466e0801d77f040906bc4e44daeafa781dc9f097c70a5528cd2c36309b3487,87000
0x1222f046d9c9dc2cdbdea2ee899667fc3f9634f9937412b6dc7be3921ca0754e,80000
0xca1679f4bc51469d88c10803c552d86a3b5af28fd6e72509435b09992355e9f5,48000
0x844414472516b1850837a5c4aa1d8f67fbfcd79062516803403349d8210eafc6,86000
0xd8730c6d1455460dceb277938b63b258d04acf5a47934d41a90766f80e92a9e3,54000
0x26f5227bdf2841db285ca549463c78dba1c6334185a2754110b2c3f5eff6b24b,82000
0x20551b5653f1304bf26cab0c1355b5d124b845830232e8a88ab8557afffed1ea,96000
0xf66832b37d2733ab4c0d9fd8b212eabf14adc9607c968407712c5c302f8918a8,98000
0xd892dcf4d6d519576722e3601d3d3883d5a182c389a869371fd2bf69240489eb,30000
0x1bcd526cb2971af30766c0233467ff730c2ca3056ecaa6b8aa9fd9129061b4aa,39000
0xe4073bc6afb745132eec825e4e9b35d2458be1cafcff7a3446c369fe5e926412,58000
0x04af5e75159784a475e1cb43a63183e4c1741b732a638dba9f9e5ab0a5315a6b,45000
0x8870aea53269e76fd7894d6a0c4f461244ed5e2100c8cb0f4d531203bedaf884,63000
0x6357ef55449fb2f98f916bd6156de58bab5ecfbf04f3c3cff4125db0f2d94b51,13000
0xfe6bede9dcb9fe31a14aeb3ef0572c34e2b923646e09e6059641ab133d989fe7,44000
0x0256fcd737e4d5fa98f0182ccb3e4bb4628046e4716c3e990035d397a43b1088,68000
0xc57f53c51b3bd578de3196e4168dc85a649f173da45a15640de6b706e2bfa223,87000
0x57c55da2d9b1ef1225bab80cae5f7e23847109e30a99183e084ad5d63d75fb8a,46000
0x832768b69c16e0ca52dd6281f43ff1c16ab090ddce08ff93b1a87c68f7f95ce2,63000
0xb80bb12290e8165731418e4545354ee563287fe466f604cbe8af30e596d64ad6,40000
0x9a7aa49e8d64a1585821da4b9d6a1dc314132897a04f3a701b314618f7d198b3,26000
0x50fff492d14dd78cf68e8a3643e330cfd9c3f54aaa0a73dae1bbbad577530309,33000
0x3c0c6174b3e6d0cf531f8a9ab6d608295c65fa5ecadf376f8f053fb713a5933e,30000
0x5f97b445da1c1752d5b712b909bb9cd5d7d30f026078d326d30874f805a8ff75,26000
0x37b835f2b75f91886c7053c6d1c7dca3b95dcb8394050074a3130a73144e1ced,46000
0xa6be2f5cf302f4a1899d9f8f5a603d1fe0952c64301125f0b37d3129695f7cb4,33000
0x6f9acca21a3da28a77c83d8499f0827e8b0ca9a02791149757a22da17c5be39c,23000
0xe53c30479e3e41e8ef26abd7f049dfef40629ac13b87cb8fa7e92b854134ae71,56000
0xd1f9b661af30a277709538ee6f984708b879995c0f98a48eaef937c854731a4a,41000
0xebac26dc9ca106e803d9c75522383d66537b6fd50b93486e3d7e31c291c8fe04,90000
0x5168f7acc28d93a4da9a4657e907f851c12d5b049eb65ff460115499ca75fa72,24000
0x4b0afe449e74197d3bd1027a62d32979db59500598ab63559d013fcb10a424dd,54000
0x2dce4ec1a1eb2943c0311bf8b62851826453eb80f00ec85ac97c913ea761a2f2,81000
0xcfe536ffe84489beb09b65e19597e1532df40703cd31c25d11a33f3c17e5ea3f,76000
0x219b7b7ba32e21c05b0dee20042ddd3e459a0d47913c3fb547dd4e40bf6ac53d,95000
0xbe787346f19ef50a693eb955b8fc2bbd9413f0dac6faaf7aa88d1653955cab2e,34000
0x8082105006b80ce3c35e62eaac35857323a6a66f1aa9e366952cf5049b098da5,98000
0xe535c761acd6efecafc0a6ba063a35a8d7c8fb58adbedf5e3548f6330694aef4,79000
0x9fdd02b91f4011fc3d1cabfc4044a52356faa0a7785d5e13701871466c1bd478,5000
0x35b57a986ef92680b1c032074b176ff9330ef8f74c05adbd681c4037fa267774,82000
0x8ee11b3ae42fb9d066ca3ff487a68b45045df4a4dc22de285b30aeb0a04d921e,67000
0xc22db65163d618b7134d08e32ac4f7187c2f028216db2bebc32b210484c9382b,95000
0xfc326e824660eb9a55afcc59d51edc0a1ea636693a92aa71fd78080693e86667,5000
0xa0b741a3017818c79ebf4b368d7cc8d552ab7861c4ea1b2c848e2f25eb6cacbf,9000
0x86642b9b3c2bd69068cf4978e4f2adea7876564bbb5984f3aeddeb77910a8d89,86000
0x6a6df7cd10e06c92ed7a74804c4ed89dca6d0ebc5095b2d5798a6e22276f2b5f,64000
0xb65c174bfebdc1a3b8bbaab376bea9e60802a7ae9dbcec0b717ef0440a3bb4d0,58000
0xf705edcf1a89f5cb48c9babc7859564cbb7ce9c73ba36f63bc82c1ba3455aa0c,74000
0xc642c87714c009d9d1f8c67b5029c8549548f334dac24f7726d09f7669a64195,39000
0x4e1efb27504f2cb3b450cbbe73acacdc067fe4d1c5ed19f7aff5c6a0443868e4,86000
0x7e8094b1027737d898a745ae781846248df66f2af14b6dda83fc35cf70f19fa9,18000
0x7c04df8e9c478791179a4ed0b69934a59470daa9f668bca333f287631c462d50,19000
0xb47574d8d8dc6f5e603ea7aca297e04ef2f3cc1bf0935a0a0a5aa0ceadb4d051,77000
0x946fdfa3f10f7812fb1c4236cbcc98eea45eb50f0fc07a76ab5363897cebfde1,74000
0x9688902d8ea1a11769d3af7d5f287049ca3a8fea92f404653d3b2bb6c9cf6ec3,28000
0x9f602897a539d995a4f5669c219899efe1025c0da202994dc8a5ebee73597bb4,34000
0x071dc45327e60d627bfab38564101ca12b359e1d55629f3cb01f0cc200439081,40000
0xd93132b3cb7b8508add85964380044473dff250dc054d2ee7893d7a60c7c2cb7,63000
0x904b3575924fbe3d88f15b649378c6e658ffd654154ca5d9348fc10c038cb1a3,36000
0x5678d705adffe9c056ee7d9f4d95939a934bdf0fc4153a6dc7e6bc53a6e571f0,91000
0xbe273ccec8b6dcaedcf7c3717b01f2cd66eaf921fc3177674ac49059181765d3,60000
0xcdf9f6b991795e8760d5a0b0a77cd51537828d3b1953f1dc7d3aed4db4a00484,41000
0x232e1d03779702960f81b891dba04fddbf6a8a9e0d3e19b8a6b33b12e9e38e01,79000
0x341ff04876b299dbb8f0bf287e476604c738ad85acd494b59c9132d1095cb0e6,36000
0x5eceac9b64654566e10366a27508cc4a61791d2cce3ccbf0a200250849354acc,71000
0xf307d44dec54c4717b28a22feddfd881130dfe60341aa5a0878dbd2382c581ab,6000
0xf3004cde2dab662fa48a3762958e4ffa8638048d86b6ab10ae1224553c605362,73000
0xf34615d8fbfd8383c8077feaf251bea9ab4a3e10304dd773b70299b010a3e444,10000
0x751a012704a1a7a426991fc9325e10f9f411904b6b74deb70d9bd0b32b5b6911,78000
0xaf37be3b562193d9dd73205019d1549edae433b53ecc8b2f8c357f2d2c4efb25,90000
0xebe3ca8f6c7b9c204a17c0f7aab8f029de0d90e543a767e39d57e510d7980f69,82000
0xa2d2e7ff4f854340d4ecef338538f985cdcddca60fe45c04a8164bbeec2b4333,14000
0x1316a294599892b5804b40a5f1570be1d2e87f70803789e97ad333bfa7a43075,47000
0x6fd742ff04816abc859a65542c49889cd88db2792a70d7b69e8a3cd56a49fb21,20000
0xeac401e7967ece9b4699f9faf2ac77a82d9c3df7e33494b30da73aca304abdf9,35000
0xf23e9c873c2a145c1093162567a4a712649402403dddd705f049b7633c1cb356,8000
0x0e2418383e92e21d5f790cf1d04c421c8f42e55b354102a4b4033724c6e0529f,53000
0x9385b9961e898f04cdf6a1bfb9aa27ca4e913efeca32426457c0c8a6636733a9,0
0x8f6a1bcba3a6120ac7cf2bd9a0931cf65a6e1e81a96ce2000e888da691245da6,36000
0x198e6ab951f025ab3f78866f7a1ad734b3e0ea87fb7dcb7af6ed8c96b4804a27,25000
0x60229a439d340bc4525bc44e386f63f5a95e677ddc364aa9029001370bfe47b7,9000
0x91c072b237f1be6647f3e1a8c5e6c3595c557bc06313dc2da31c24e7ea20bd93,75000
0x376cb97049bd7f35435943166d1a961339209d2f6578928f76ba886f8daa07e8,88000
0x1ceb752f67799b46413c753616d2e0e069479c2226c538b80ff440d2163db277,75000
0x2ed2a1d9aec6ce2c8185d0fe62444a498b99942e7d43f624162fb0c39311ca6d,39000
0x82411be6d93e447797aaaa054b228da82d58e3f206170273f97a90884185795f,9000
0xa40094e2c1ed78b938974297b7a6ed796f3c38c3be724d56ef43768ce26e96d3,38000
0x46f81f0da13e4b5f2f43cf2dc4cd9e8ca209c1edf9c4d0fc762f9f4b269cbc96,38000
0xf5a6983413af16782a5ab311368cef4f3634d2e0a2045c6d3998e5c3fb13e5f8,35000
0x14ed91e9adbfaecae373cf71b11e798a185fa41d62f8f6697b06424c9e95822f,5000
0x8c591c363421d9015a386740ecbab84d1712c490ae2426109e17cb742d2fdded,54000
0xb0358520cec307d44c9b4508f1d3c011fa5518edcb0ebead6ea24a7196a05411,36000
0xddb43fa13a8d77908ee14fe2f9f1ed4a1cc9f6de91ab17a8c373162bf16b1d67,30000
0x5a81017b8783977c948e568c9c60921b679bfe281e08b0b638d769fbd1e209c2,71000
0xdf7b34c65d32d4c617ee82dcb26dcb03fece6f361e65b95077e7cc82d3b4d719,78000
0xf32d8c24f4f638b4489e3c45ca51eab86e306ec899119cfe04c9a964f240378f,89000
0x9e1606669b43330e776a1d1a419f0d886c371df9ac887303e11fe1ea1ba31fea,57000
0xb0a726992ca8d49334de59a3957ba0c26e12b3b585179d63da090d5b9e1c44b0,34000
0xcad412216143790b43f071c6dc30a319c6fbddfbcdc5154e06007712d8ee975b,49000
0x7e9cb4c721512d9b3443bfe9b75f70818ba53c8e3f05ff5accdf67e461d781b8,87000
0x39b186855d01f9a19a28803dbbde763796d387fc96c16039e2a678ced7ddf18e,48000
0x26995223f0f1dc4dbd39ad4ed371da11ef2b11c64c66b421a177905df7e9d48f,13000
0x23a4cf18ee2420c61e7e16cb390c4f7001452a1e8e44fb59d90b393d1220b279,87000
0x9551256cd742586f5b9d68ed4f0f31aed9a88d9c46381f2f452d51ef34477143,62000
0x193e36e5f53000eeb8520660dc5e486ba419cc32d59d823de92b0d7e256f182d,0
0xcd4dab80d15f31afb3b532283fa4b55c3951939c09476f90d47535bc47b43c42,26000
0xe49de283d7e037ba5faf30a653dadd8af2560021a2c0085ea8a0efc2c7cd3a9c,9000
0xb8e8e89db7948d81c978a61b48c397353c26d87097b7e070cd4d6f32a7879a35,51000
0x761e314ccc6c9459a755a60ef4cf05a5dee93b8f4d96b8c0fca27745b71952a3,49000
0x997e50e8749b860651d13ef0eb8f2a59af9fcc6ccd90526da2343def7f23779c,77000
0x44613e14eaeef2768a26510e16ff2cd4bf4dc756fa7f78ca60abf7ca50a27392,34000
0xae0af23cdce92c7952ecdcde5871c95c22a09dffccf199888155038007bdefdc,40000
0x8b4d2b0bd6a5de3a9134a8ee36accec5bf5a05aa65864d7bc4e32da8e6501606,22000
0x9a9cf9503e642dc24ee3ec9523e3592b50c983dbd525d02f6b96b8b705d10b75,23000
0x74909c0e459cd4e2346a99b1c9d79d21bc1d615fbdb55fb030ac177cdc0a0484,33000
0xa767f812f64a5ed3839a8cec1b40e148875dadb7659095f5af1a96558b658d18,15000
0xf9ee16f18e37dac7ca18c36c0448ebf48dc07400c172f6d7f9007c3fd37e8734,79000
0x6f6d3d5a2ac07ac4a4b9f68892488686ef6a3e7db3f44befc9987e14698f8083,33000
0x243aa8b23c3b69429ad47ceccf02b05574c0d4e924929d6ca7822884e928a24c,1000
0x07a5e62bae1b33efdb58b79d2d90cbd54153b5be3359ebc4ec42f7da18bbab9d,26000
0x35f01aca78d4d37d9aed602af8bee7a68853edac5506036e0225b3a74eb80fb1,29000
0xd75bf0dce89631b751da000afde9749bc39193a3deb6b793284fd68829a2173e,71000
0xa82d6f55d139e7fb76c31727e1b5ac58e994341a60f50c219692d9ada2826d9a,51000
0xdec528f61e02163deb921e5b98bee27cc81683d190a61a9a5f925994e050e45d,8000
0x6eb80353ee1f813dc36c62c158470215d75ae02974aee3e042fb4a51ba55a326,97000
0xe2ff1eda513c3401b0fbb58345b7f2ab5031f6b66135c103fa934f658481536b,25000
0xc11a89adbdc13075ff0572d03627d0110a0c402dd8e7b81cce410371c9511388,19000
0x6e5674e5a7568c83a8c25e3c42f505ba6773c521782407eeccdbffc3d805e3cd,8000
0xd974b30b0f0954da00085d070276b9d7d711767625f256ca7a6290a00d5d8db9,73000
0x6cb96f8ac899657cd050caab8ee94ee77f1f2a4e076060b8c3222f233318fd27,4000
0x7a1d8fb95c6a089e04fdb21f511a79ba6be1e75fdd531eb25fcb129a6e35f942,12000
0x81b05f59c965deb0bede94f11be5a3a89505e2b83d08f2a099f6786b49fb92ac,90000
0xe5d8fa81f06493fcceb64ee6c945bb99bb0f636b2fcfb5b5b5bab9ececa102c8,74000
0xd574d9597f6179c87c62c08cfa48be61268712b8ae271a07fcf1200fe43f356f,9000
0x0a96993108354b309f390f556aea52c58bcd05958d54e97cd5cd40a1939bceeb,73000
0x18256ca1ce157c3eeb04d5ce23a60e0f0db11551ea679595e08f9a7d9a898d9f,69000
0x17f6d13be23aae731bfe17663023fb8404099086471fa405ef3eeb93ed1a2e94,42000
0x434169d1b427db02dbd59d6585cbefec6ac3d438a54aa972d2a128a3837875d6,97000
0xff2fb0406977436c1d80709006c987f8e74d1b1b38c5e08015b8ae5dee615fab,19000
0x1a41e766aeb9be65e8b49b76e9ae11bec4c8a2c4bb04f9e45f30e35371588ff5,55000
0x1e6df18884aa8dd5f65c6b841d986887399513acf0b53219167ee3d83a95b8a5,38000
0x5c587165ebb143ac11311a9bcf2d872a804c0472e1afc18c9bd56f32c3cb338c,30000
0xb3f4ce462f948aa86baf54d6bed3ce4675b7faf1c946923de3d1a67e57a2106f,44000
0x545afa109c90898fecf004ce60d0e622dfafd8fcbfd848fdb5722f0dc6356c79,23000
0x82b718317bf3a1faafb3300e39db454f57779b3c1327884f762c2d27ce5e2439,57000
0x0acef36bb06ccfe2e3766b00cfd0239e95b0c1b586bd03154202dcf9b88fd06d,80000
0xbdbeefcb27b72c6d39513d6cfc4dfe89439722a66cac18dab35457acc5ea064c,18000
0x7e5af1efe761c34b8891ec99c3307cc61ae7dba9db750f0c483237528cc9cfe1,97000
0xe53f00763c9c197392d8e87dc27ecdc3eeeb2375b53531f6b4408cde9470fcf7,64000
0x545381aa5456646b490d8804dc79543feea6b8f6bb2d314ddc3a8d212bed15e8,77000
0xa266e7cc810f93278c7da2e23b0ba65a8e21497530ca7b3b88517d9c9ed5cca1,99000
0xdd3214a0538af3b319480195d18ddd1638f8fd2dd47105ebee49b2b732029553,98000
0x76765c7817b57978a522d9e12e77628d02e6fc2ebe93f05dae01663cdd786333,52000
0xe7de65d72f4ef409cb4ccd825894c28174579923d58c50d4a51c678060c35b1b,42000
0xd83bcf2680d265a0349c2af5975d56b7832d08408127d24942703c1df41f09b3,72000
0xc50b57bdcc31b3cdea2dc7182a2fbd0aef32c3ac414a21da38f3d707b20bb326,38000
0xbd88187a7500f0c7ebf6f3ae10843680eb6c7f8d289ed2a511e267af73d627a5,33000
0x5344c676b47de185b9c30c440337300fb59d73c3eb7c10d7a8f42bd90659c939,8000
0x9c442a5674ae6b403c143611a3d5275f3fb41fbd08a94f054b7f457011897e28,50000
0xaad27d1be49b7639d1164bc4e8f4b85e9dbda3993c860afea9da9d8db4fd1ffe,41000
0x5d0a49d4f04863e170d074295fa9fae2a6f23f4bf39480c016a494c1db160bc0,84000
0x75be7167891b3546d8852a8f9e8df000f6a6a331b9a87418cf588e19c0ce9d38,84000
0xb0b9545df71631b359d2b2c326e4aafda4220cf5270fc87ac1cb19f10f4358c4,4000
0xafba1ed0fa0e7fbca464e2fcc66b4d026a220d679c7587b0521a12a476a55e57,83000
0x0a57a7332705c02b4b2f5763b9a5a09a0fa406119c2d8af4c8cd3eda3897af15,19000
0x3ffd6f3ff2300e537e8ff5c3e4d34a58ec7a7dd709f5342c15f3569da43c8a29,49000
0xde92d6986c7cdcaa75737a90752431dc602233cf31638ef3e89e87e88f9f198f,63000
0xa5e4ce39a19c3d7e4947af5c413fe1f6654e671c87684c4ee89f70e7ac1ee4e5,49000
0xd82352157060b9697ca67e4da433be23ae93a22f321c63f01c720a418653ce79,68000
0x6b1fa11a15a4fc94a759c3a0c94b7e04521274f003bbd7b644464e01201c4887,33000
0x72f35e72e0ba291b32299c4e651650ab1472d1a46b92bd92e85bfd702b7942fc,13000
0xff35b6cf0d68076b0b47886f8f01c9f6b27d111b185d1808c98287928a0f1edc,97000
0x4124effec63350865f5096f039d24573e0e8b30818fe526d5164a1104305ec8e,12000
0xbbad1df1b14ebf94342be6ff869e4256cf680b5d03073e53d2db45198fbeba09,2000
0xf46629ac51195950fbb8abb75aba638255cb2ab9b42317534c57a5c7bf4a5086,86000
0x12c878ae1d68103eebb05ea8c50134e923a944d4bde3c75a66dc98eab58b5b16,88000
0x17a83e8deda0694c1b4ec38ed050b9daea1a1272c1ff6b359b3c68ad4dfb58d1,49000
0xe0346f816c19c9978ddc0e251ce6b8d008c68382a5cddc66990ef009b1c37757,9000
0xe23ef9acc6562b08d00ac5699c335e6f2e829d24559ddd1bbeb26b0a3ab59adf,74000
0xa1a89238aae29b944e3569ff096c1d5f59da63dcae2645229f189937d0cd54d6,67000
0x504e221194916c606b43b7006a605ffe729d31abdfaf5f00d76d85c4cae1c463,53000
0x524d7ddf08a547a4849c04a632175e4e7846a35e7fad48e018553dfc7711e1c7,15000
0xd4b6febcf537b74428b81565e101abb49c07d63a29e6a359dc4d7d2b4683c8ca,32000
0xd7f53dc246c1d67aaa8c6386d0ad22617b289f68dcca5873171d4fac967ced0f,33000
0xd7385fd2974471fd549dbba4ba250f5b3148e2ad33355d33829a7d1362fa6dab,19000
0x395d6f3237283b4916a57dd60ce8422c9a6671907590ef6ccbce0af188872d7e,5000
0x2557c0d6e772addbf9b9bff1e5b18df95c07566bfb345186cd8912c4a4f30643,18000
0x827cf8d0c3dca60ca9c1c3d8b02f6a89939a08d293f9c56278e90fc4403fb143,11000
0x7d3bfe85867550f8463e6b4a911ffece800d65d3f3d889d9376e6cb1213df9a5,49000
0xe2a50d047b6784faf98a15ff398fe31ddd07685501b5c1b077beb9dcee450b76,32000
0xa8b9d0e400c45bf475855a467db422dec6742292cb31146cd7c6da6ea1cd1e13,48000
0xfc2761a9f64612a29a76db9a9eb48742da8c8567f55789764b608ab0e5c292ab,87000
0x38d85bbd1c444abb1e23e500e97cdf3d87b032f23b10f25abdfa761e63350ecd,90000
0xdd8baafe83dbac03abb0020fc7ac41e80878b50f7748ed71cf0b260641ae7506,13000
0x80f98eb9426eb5fb4ec0f8e8fb4f79dc84e0512fb50f39068c57842114ef64e5,79000
0x123e0a6c59e897ad27a75693133f21add822ca83d4a7ca5ebf7831c1c1773606,38000
0xcdf9983c321cddbb4bfd030030b294a62869853bea175622ffe7cac7a027c1c2,97000
0xb38159daba0c80d4eea4b6dfb365ea587df56da6381c1e06ed0dfe5eab343c61,3000
0x927223a70efd5013e613a5355e5b40071537f4f02471fede1bdda005bcc2eb86,51000
0xb0d4df3e5dcd4787938207820b696c0cc44393e5046e2e4c9fd59aa2c79f50b9,52000
0x9158c588030cf69be0dbf7cb6daea49320338bf0cb216bdad51b6ed06599eff8,24000
0x8f7458c3793f424b463690feb1b4cb1435a0f0063106c2ac19842be982ba1ef9,86000
0x8ef37829e5e469b44d43373ad52e72ff54d7df58a12d5d8b8e361bc808a038f9,73000
0x863c3de22bbcd3364efd10c5e063481b04373e6652d84f50d3fa192e8650d3b3,93000
0x27c84abdf9ca242921e81bb57dd611e61b229fc024f31a4e64ef637728287049,30000
0x112c9285728b169e972e2f58cc27b6ad56e0eeff3a22b52da2127e0f11af0b56,92000
0xe7c614f5b3480c3ee191a923864c6758748aed20ec2ca676867b9e1651edc43f,65000
0x179ae71435a0ad721318eaf0539a9700abc7efa8f81d20f401eb64555002166f,78000
0x5b57e054009a59c41aa76689dd8a776b6485837c7e40f23ed33e8b9acd483ee1,31000
0xf81839b7573bfe0c23bc68051bc11c201368539d3eedb1186da4bd69b9da15ce,18000
0xe75eca35f1e34be9929b0bfd008bd2b0b8d2d22898fa41b974158aa7640bfe25,71000
0x1e38a3bba629e96cc01ab2a1f96d26f83c360e9662f61fc2619ac08b8b21a117,17000
0x5591c17bc2a5f10bdd24e1e68660253bc2ecea5180bc35a88fde6f6e3f6a9a99,62000
0x90075bc35a24182e015d96be9d3d6f02f7ecf6f7cb8080b57fcddd4a04775f14,85000
0x3ef96d917916753ce1bbad3ebb2566a853e8ec1234b8b42ee79c528716ebf0b6,9000
0xc603ebb90704bb0d2e78fb329cb1840ab1ab09b4aa3e4953dec59a576091071a,71000
0xdcabbf2ee96ef2b3ba4ee158f63dabdcea1f594feba1b2b275644872913657c1,17000
0x268aa762e76999d561b9e4df907f4619fc91b65b104049dea2f73ebf053915e6,41000
0x83aba81e502bc8ea135e2ec262c9a479a657c40486e1a612d12239cdd553ee62,35000
0x7b309ac01417c8147d70d173f24e2b65b41c2e99be2caa4477d9e255c4bd5ae7,10000
0x9e252164e3f1b7aa24a1d16491c3a6cc78fd3653c4bbdaf6ece6b4fb3624e854,64000
0x25617b109abb27ff59dd80f733579ed54ed8dfdb29e2b77f1ce555224151004a,7000
0x94594324f768b63d494592488f04fedf65e5b7b49637ad790c9cb08e8afd0866,74000
0xb214e1be3dacafdb02f9141f72969c9e4a7d0a7174590ed0e95605f9f4dabe51,12000
0x422e4b055db30f75a6150b67f3b122e4b7caf8fd1d6687bcf77278bfd37cf0c0,0
0x3282d8a379386668bda90309962d78ddc12ffa69245ed92c598863682f39ea31,28000
0xa352d8f56b8a7fd3d82e0d6286402f52df36eb8e5591751c939d5bd012bd1028,1000
0x892d3943243b3dd43c9ae8298d25c701578e824508ff1c8c2af8ffd0481e2434,31000
0x42552187be1bef3f67d75e0bc594ecd161bdd8d86ce1ed83d3bee332e54c0c3d,13000
0x7c63bffe2b8d4fe8a2ec38229549c1ae9bfcfb5b800ed541a278152d3c0d5cde,28000
0x26ecc3cc94af9651ab9af72542ea4bcb7d233046f5a5d6ce8703c8f5b09ac2c7,11000
0x577a8e6fc7a20e726a7909c3a591390475caf81145535e325e01a6ec68994b7d,58000
0xc81a39e58ac6df1ac6700150ab573963944a2bd4a93c0eefa4fdc96b268b1eb4,98000
0xcbf20148c83f5a686c0a88baff80e5a1fbd20710cdc8e56c7cf29a94aafc17ee,16000
0xb7ea3b8fa4c828a5d888bad0f6773aa273faf1f08f9ab05d6f1c691c48d148f6,92000
0xc853f0726962f2603e0db2b1cc082ce192e9b84fd7703c244787e13383ebf8da,51000
0xad35632467cb8655eebe6dd18aef4565994765e926942d5ea625813813c98fcf,19000
0x4bd059ccc95ec1301206a5ca28c7a9b17e3754cec322fe9cfe993cdcb71c8062,92000
0x775489d0039e087b3957d3ec1f425f130c6af811631ad409d05789111ff1428e,25000
0x96c02c462380c66c3216d226f07a7ad16fbc6619e8845798299e04092159a39c,45000
0xfe08adfecf63fef121c46ce28b2859ebce716b63675207044a84b10fc902a795,93000
0x1a56f5d62406c01715d2794c03808a82259d7d873bd0fce1f46cb955e2c24de3,41000
0x0560e905466c082140df91cae6bbae69aa74f75e6a68788569b67a87e006931a,51000
0x47a4d0515a42fb89829290af5617c5364fb1cb67eeb9658d495ee051792a35b3,39000
0x1bc7ff13dfd92787bc070cec323ae1a98b72c1ad2929ee2bf7cbef6f1b15908e,45000
0xb0a7e28ffeb5e78b981731fac5bd1fbaa6cd0c548ab77a05559cffc3c7a4dfc8,68000
0x3e81fe62cda90faf38357550703dad42ee55140d5402eb7df1b00b7e71e808fd,30000
0xbf9ddbc114adcbb27f30b43523fdd1b0057714e719ecb9de6976a17a336c2265,50000
0x5a1adee4012220e09b309bd56e10ce7fbeb90c1fe08b10cd76476f4fa20a6d4f,27000
0x1ea85ff2e6e37551140dc964f594bcdafc4f45f5f93096f80f17f074956766c6,28000
0x2873bfab94f7064c3cf71a1539265e66c4c4f3d596a2792c3f8c416d3d0cb580,58000
0xf29c3bd4112d70867e3d20fe5c5a6cce1071038190d17d3af59d484e4a9fdd21,78000
0xd0aac70b7ee0252884b37a0fc4f08592e41993a3500e550ef19ad447f2fea8c1,47000
0x299f9c64768af5df5d5412b9968ff6a9bfa8d7a2e08a42532a952d78fd2a3790,9000
0xc340e5318eecfc19597d3a335d1e6d3b786551077d602a31f65cbe06be2580a4,86000
0x57083da270e1f1124db7cea7b25a0cb4e920d5c8e02d02e5a5f83337bc0c75a7,24000
0x12a67556d65570ac67dd61927a6bd5787cc14b4ae736eb83b4fed2d64ad3bdf7,60000
0x8da022c9faae4810c7eb678d9775e94fb7db57d0623eff13d4637fe10b1868c7,79000
0xe305ff486acb7b3f2a293ea9847a9f54dae5241c473bc897dc590cad34e56860,83000
0x98fee174cdb3a6ddf100955ea0ad83d4cd502c9187852e69f65180d8bab70616,89000
0xbdaf7abf3582ffcf51916df6df07d7b1f07edad01e6c1775387c353a1273919f,90000
0xf805bf801d8e96c494fdb50dd4d7376d0a54e1836e9ef647cd77f36f2c89b2ca,47000
0x6a52b05e9dbe085f463284722e9875f222b7932d5ffa36dd2577aed9b43aa7fd,74000
0xd4048ad3ea9d1a3b5c0a5bd9a1c8b6f2fe72076cc816fbae10c0a3cd0ab4bffa,4000
0x3935fc2dc332b259ee82a12063fc52447a7fda7c9585aae04b03f748acafcaef,91000
0xca576a829b66a9ad7aa11e11b3c5a7ad34df2d0e9671ba79d2d90c2de0d9f92e,35000
0x3fd3a6c3b4c3bda8d179364a3167dfcfe67ecc780e3ad76d16d5b2391b84722d,40000
0x3dfdf993f7e501e6df2af094a0eed3c1f0d578dbb2c499a0e7c480aa8ffc7d42,71000
0x41f696e1502b4a73b1c24aa7553fd701c14f499a1ba67a01cfac14167ebed9a9,71000
0x7f08811770f20e51fa317dfbb4e67d33fc3e534b57c368828ddf03e4a86619da,14000
0x94c926e13b374d02e204a0ee0a551f1739d8a4047b1732b928c406b70ddc42cb,27000
0x2530bdeaa9d9ddc98f5dbd1b2d02e5e8a8292d2948c5e45679d14b96c25ac8cf,11000
0x1f3e3074d909c55e7f44a7d0b31314c73c3980f6c233e24374fca8f95aaaa4cc,48000
0x4ca12a966d411c0a266f772d679f5466f4992f0c803eb28d865de5633cea08c7,93000
0x1bbb840429acbd1375d6b14b08df64dfd3776269e5e4c023aa2e51407bc79676,95000
0xc2206a320a38bae79995c23ae6724cc60d360a9918a3437d1ebf399da8e4a81c,1000
0x2bb7d641d9090047e85c55895d70d39c149ec9b1eddd040f074b984b7ec29fc9,95000
0x8c08930b9f0c205d3824e7a8acd9c430781a4991427ad17c96f5a8fed76e121f,77000
0x4ce59158f79fc7422f6c2eafcdb365b7ff8b02f61a00dcd12319d0da36bf748e,12000
0x09512ed3877521395b0548963592ea7ead14052e3c763f3bd4d83b2214240ca9,24000
0xd743615456efb06a2ce7c7e118dddd7ed7676976a9014797d529f6bda23ac305,39000
0xef1b492ffe2b61cb7f985eb6c634c0904952ded590abc847ab5542e976677a11,23000
0xb9bc51bd218c753c94f9687a37ea44fef4067bb91b8989871987fe70b904b066,11000
0x2be7c9d26efebd32877b8276ef9ea3fe7ee1c0fab96289f96a5bf3794f2ccdae,72000
0x2f20798af1f49dd348dc35762b75087925c1fedca77eeb41875c85cbd713b7a0,75000
0x83bfa227fd4435071932bdf0035e7505dd77e9718b551444a139e70418524463,56000
0x8e01b252feae139ce619569c07a33e0169640814f921f1620dee072b22a23413,70000
0x1cee23ec8b68039b6b883d1ef796f4bd2a0f75d81632b4a43b6bcecd8617662c,7000
0x46b45eb37fde9cfac412dec93dddcc1022e07a52322c199b9bab570eca21a8c4,40000
0xc602cf6eb99906480798e83c57f2e9cb45e4e313077cbcecbc2f3dd561a65e84,99000
0x1995e3d5aa37ce216f66aaa11afadb694539992e3a5e97e7542bccdda99d8d5e,65000
0x614adbc993284e256dbbec6af35b41045c262f325aec1343d7e99870948d6257,83000
0xdccd64f5b6055714e9782107b22f0f3786a50ed34d45be6c9198ea804f992045,53000
0xed8ab68d87c15d103c0b639910388eae65a02ead377478476c0eacde2e498389,48000
0xe18d80cb4598ec9d62ef004d7e7517ac68d404d5de80cb2d1dd5e8147d53f85b,53000
0x6ec65a25cb334694fe87fb0b64db6fbe6060e62a06abe55b7ed546112d22d1e0,60000
0x582733f13852691a3d64e486c26796975716ba457b07ebbebdf5f7ede8bfcb10,18000
0xb4e4db57b5cdddf7d236a3926448abc5102c8fa1d00fdf5a62ddbe08721391d5,81000
0xdcb361c2d44f624a60ab691a683cc0a675459c0ca9dff373f5d5ef0065686932,6000
0xe2a23337f8f9b1a6c906edf4f4372d56587389f31ba8e8cfe286cd22e6a3b2e2,82000
0x040d254fc96285378d95f570e10790e326b03ea5550ef9b30d7c54eac7ad8253,3000
0xd1db623015f3ec5e90586fa2656d72aea562c4924f6b6a80439a23ccff7eca48,31000
0xee2c44a70646600646e9cce8bbe2ceea6f160d1c19344fa347158ba9a8748b64,41000
0x96d7a6b3b6f6f84c59776d828b4da9b1414595d8d66a1cf2af22f94006d0b829,99000
0xc6ce2119031967b4399aa9979144ec85363a9b0a30df86704f8f9c01564c38f7,69000
0xcb5efe3373a9b5ca4c39b434803f7bbc32f4dda8669f581935644113d19ac42d,22000
0x75aa164f0b92a5feb96c2125301b61e7db2b999c36e00acfe812691c7c043750,40000
0x27be6dbaed39cca3eda5ccb9ac95d9aaa590aff20713e8e647794bcad6f874f8,38000
0xa66a4e2f3030578ef22c45e2ede33a058145965e53d9ba4413708d4d0772bb70,66000
0xe3c927f6426ec8f995295a777497cac90392211bc6ad31a965f713c320cd4479,22000
0x61e223f15c6def49a7fcb65f755a4d0108f60779b869d8d46eda0b2c29d01778,96000
0x133e3ee4a142dfab316f7424e1a4b9df490ceda86c08414250095e684d06acb6,24000
0x310a453327d7f0f7afd870bc037aa6a62c14a9adb76274390fdfee8cf6b8bd77,90000
0x9a38a2d3583ffd4e9384f722accbae93bb752eb5095414503b98d317956cc0a9,35000
0x998d298476905bdfc82e0bda05e60ff118c6e25c430c21b54d8d31b9eefbbd1d,37000
0x9e8b60da210a2fe5bf33a1bd1045124b5ba5b08e54034c16220459d8a9b610fb,84000
0x3178577f62d3520ec81a7e59e2382b10138dcd024830f5bb7813de50c23d607e,70000
0x84001866d4c7ed806870d93ce4c60bd758bb83a34ee684ea4ce1f5dd2d6e7d1f,99000
0xb4d4269ae9df98f79f2089de97611d97ea10c4ff95996ef55a69647a94fcc4ea,32000
0xb6dd5dbb540eeff65ea28ce413adb6fdb1e733eb4e5953a1222c83e24e7c15ee,70000
0xc1e0d8810a296d7812a05b5620bd6a539412c43efb96ad5679c3f64d5185bd75,33000
